Workbook

Sheet Feuil1
A1: Fichier | B1: Enr | C1: EAA | D1: Début | E1: Fin | F1: Lever_Soleil_Moy | G1: Coucher_Soleil_Moy | H1: Longueur_Jour_Moy | I1: Latitude | J1: Longitude | K1: Alt | L1: Commune | M1: Sous_île | N1: Île | O1: Archipel | P1: Hab | Q1: Station_Prec | R1: Station_Temp | S1: P_J_Moy | T1: P_J_Max | U1: T_Min_M | V1: T_Max_M | W1: Azi | X1: Ori | Y1: Val | Z1: D_R_P | AA1: D_M | AB1: D_B | AC1: HSA | AD1: Surface batie (m) | AE1: Arb | AF1: Arbu | AG1: Her | AH1: Ant | AI1: N/E | AJ1: S | AK1: P/A_Myna | AL1: P/A_Natif | AM1: S_Exo | AN1: Tps_Ana | AO1: Nb_Day_2024 | AP1: Qualité,Commentaire
A2: Ifremer_1 SMM02747 - 2702_03032024 - Gaia -17.80597, -149.29421 - Carte SD 128 Go A15 extreme | B2: Ifremer_1 | C2: SMM02747 | D2: 45349 | E2: 45354 | F2: =AVERAGE(Soleil!$B$5:$B$10) -> 0.24780093 | G2: =AVERAGE(Soleil!$C$5:$C$10) -> 0.76435185 | H2: =AVERAGE(Soleil!$D$5:$D$10) -> 0.51631944 | I2: -17.80597 | J2: -149.29421 | K2: 5 | L2: Vairao | M2: Tahiti Iti | N2: Tahiti | O2: Société | P2: Suburbain | Q2: VAIRAO 1 | R2: VAIRAO 1 | S2: =AVERAGE(Précipitation!B5:B10) -> 2.7833333 | T2: =MAX(Précipitation!B5:B10) -> 9.5 | U2: =AVERAGE(Température!B5:B10) -> 24.633333 | V2: =AVERAGE(Température!C5:C10) -> 31.9 | W2: 271.4 | X2: O | Y2: Hors vallée | Z2: 112 | AA2: 46.7 | AB2: 10.9 | AC2: =(AD2/31416) -> 0.39477655 | AD2: =11098+63.3+63.4+230+912+23+12.6 -> 12402.3 | AE2: 0 | AF2: 0 | AG2: 40 | AH2: 60 | AI2: =Feuil2!J3/Feuil2!K3 -> 0 | AJ2: =Feuil2!J3+Feuil2!K3 -> 5 | AK2: =IF(COUNTIF(Feuil2!B3:B7,"Acridotheres tristis"),1,0) -> 1 | AL2: =IF(COUNTIF(Feuil2!C3:C7,"Natif"),1,0) -> 0 | AM2: =Feuil2!K3 -> 5 | AN2: 325 | AO2: 58
A3: Ifremer_2 SMM02940 - 2702_03032024 - Gaia -17.80483, -149.29361 - Carte SD 32 Go noire K | B3: Ifremer_2 | C3: SMM09240 | D3: 45349 | E3: 45354 | F3: =AVERAGE(Soleil!$B$5:$B$10) -> 0.24780093 | G3: =AVERAGE(Soleil!$C$5:$C$10) -> 0.76435185 | H3: =AVERAGE(Soleil!$D$5:$D$10) -> 0.51631944 | I3: -17.80483 | J3: -149.29361 | K3: 7 | L3: Vairao | M3: Tahiti Iti | N3: Tahiti | O3: Société | P3: Suburbain | Q3: VAIRAO 1 | R3: VAIRAO 1 | S3: =AVERAGE(Précipitation!B5:B10) -> 2.7833333 | T3: =MAX(Précipitation!B5:B10) -> 9.5 | U3: =AVERAGE(Température!B5:B10) -> 24.633333 | V3: =AVERAGE(Température!C5:C10) -> 31.9 | W3: 272.3 | X3: O | Y3: Hors vallée | Z3: 27.9 | AA3: 132 | AB3: 28.2 | AC3: =(AD3/31416) -> 0.34924561 | AD3: =10209+572+45.7+13.5+51+80.7 -> 10971.9 | AE3: 0 | AF3: 0 | AG3: 70 | AH3: 20 | AI3: =Feuil2!J53/Feuil2!K53 -> 0 | AJ3: =Feuil2!J53+Feuil2!K53 -> 5 | AK3: =IF(COUNTIF(Feuil2!B337:B341,"Acridotheres tristis"),1,0) -> 1 | AL3: =IF(COUNTIF(Feuil2!C337:C341,"Natif"),1,0) -> 0 | AM3: =Feuil2!K53 -> 5 | AN3: 340 | AO3: 58
A4: ILM_1 SMM09233 - 1204_170424 - Gaia -17.73177, -149.57868 | B4: ILM_1 | C4: SMM02747 | D4: 45394 | E4: 45399 | F4: =AVERAGE(Soleil!$E$5:$E$10) -> 0.25555556 | G4: =AVERAGE(Soleil!$F$5:$F$10) -> 0.7412037 | H4: =AVERAGE(Soleil!$G$5:$G$10) -> 0.48506944 | I4: -17.73177 | J4: -149.57868 | K4: 11 | L4: ILM_Paea | M4: Tahiti Nui | N4: Tahiti | O4: Société | P4: Suburbain | Q4: PAPARA 8, PAEA 3 | R4: PAPARA 8 | S4: =AVERAGE(Précipitation!C5:C10,Précipitation!C12:C17) -> 0.033333333 | T4: =MAX(Précipitation!C5:C10,Précipitation!C12:C17) -> 0.4 | U4: =AVERAGE(Température!D5:D10) -> 25.183333 | V4: =AVERAGE(Température!E5:E10) -> 30.316667 | W4: 231.2 | X4: SO | Y4: Hors vallée | Z4: 70 | AA4: 125 | AB4: 12.5 | AC4: =(AD4/31416) -> 0.31381143 | AD4: =2747+210+124+305+124+55.5+183+137+190+755+670+226+31.7+141+158+21.4+173+131+56.3+337+300+165+218+13.8+213+1663+179+127+204 -> 9858.7 | AE4: 20 | AF4: 10 | AG4: 60 | AH4: 40 | AI4: =Feuil2!J4/Feuil2!K4 -> 0 | AJ4: =Feuil2!J4+Feuil2!K4 -> 7 | AK4: =IF(COUNTIF(Feuil2!B8:B14,"Acridotheres tristis"),1,0) -> 1 | AL4: =IF(COUNTIF(Feuil2!C8:C14,"Natif"),1,0) -> 0 | AM4: =Feuil2!K4 -> 7 | AN4: 350 | AO4: 103
A5: ILM_2 SMM09080 - 1204_170424 - Gaia -17.73335, -149.57899 | B5: ILM_2 | C5: SMM09080 | D5: 45394 | E5: 45399 | F5: =AVERAGE(Soleil!$H$5:$H$10) -> 0.25555556 | G5: =AVERAGE(Soleil!$I$5:$I$10) -> 0.7412037 | H5: =AVERAGE(Soleil!$J$5:$J$10) -> 0.48506944 | I5: -17.73335 | J5: -149.57899 | K5: 4 | L5: ILM_Paea | M5: Tahiti Nui | N5: Tahiti | O5: Société | P5: Suburbain | Q5: PAPARA 8, PAEA 3 | R5: PAPARA 8 | S5: =AVERAGE(Précipitation!D5:D10,Précipitation!D12:D17) -> 0.033333333 | T5: =MAX(Précipitation!D5:D10,Précipitation!D12:D17) -> 0.4 | U5: =AVERAGE(Température!F5:F10) -> 25.183333 | V5: =AVERAGE(Température!G5:G10) -> 30.316667 | W5: 230.8 | X5: SO | Y5: Hors vallée | Z5: 59.2 | AA5: 3.74 | AB5: 26.3 | AC5: =(AD5/31416) -> 0.10314171 | AD5: =143+42+60.6+968+122+1672+62.7+170 -> 3240.3 | AE5: 10 | AF5: 0 | AG5: 80 | AH5: 20 | AI5: =Feuil2!J5/Feuil2!K5 -> 0 | AJ5: =Feuil2!J5+Feuil2!K5 -> 8 | AK5: =IF(COUNTIF(Feuil2!B15:B22,"Acridotheres tristis"),1,0) -> 1 | AL5: =IF(COUNTIF(Feuil2!C15:C22,"Natif"),1,0) -> 0 | AM5: =Feuil2!K5 -> 8 | AN5: 360 | AO5: 103
A6: ILM_3 SMM09037 - 1204_170424 - Gaia -17.73234, -149.57782 | B6: ILM_3 | C6: SMM09285 | D6: 45394 | E6: 45399 | F6: =AVERAGE(Soleil!$K$5:$K$10) -> 0.25555556 | G6: =AVERAGE(Soleil!$L$5:$L$10) -> 0.7412037 | H6: =AVERAGE(Soleil!$M$5:$M$10) -> 0.48506944 | I6: -17.73234 | J6: -149.57782 | K6: 18 | L6: ILM_Paea | M6: Tahiti Nui | N6: Tahiti | O6: Société | P6: Suburbain | Q6: PAPARA 8, PAEA 3 | R6: PAPARA 8 | S6: =AVERAGE(Précipitation!E5:E10,Précipitation!E12:E17) -> 0.033333333 | T6: =MAX(Précipitation!E5:E10,Précipitation!E12:E17) -> 0.4 | U6: =AVERAGE(Température!H5:H10) -> 25.183333 | V6: =AVERAGE(Température!I5:I10) -> 30.316667 | W6: 230.9 | X6: SO | Y6: Hors vallée | Z6: 106 | AA6: 125 | AB6: 12.4 | AC6: =(AD6/31416) -> 0.14001114 | AD6: =300+45+12.4+2787+37+672+42.3+21.4+64.8+60.7+347+8.99 -> 4398.59 | AE6: 0 | AF6: 10 | AG6: 80 | AH6: 20 | AI6: =Feuil2!J6/Feuil2!K6 -> 0 | AJ6: =Feuil2!J6+Feuil2!K6 -> 6 | AK6: =IF(COUNTIF(Feuil2!B23:B28,"Acridotheres tristis"),1,0) -> 1 | AL6: =IF(COUNTIF(Feuil2!C23:C28,"Natif"),1,0) -> 0 | AM6: =Feuil2!K6 -> 6 | AN6: 330 | AO6: 103 | AP6: Criquet en bande passante lors des points écoute
A7: Jardin_Eau_1 SMM09285 - 2803_020424 - Gaia -17.76020, -149.38919 - Carte SD 32 Go noire (PB lecture carte) | B7: Jardin_Eau_1 | C7: SMM09285 | D7: 45379 | E7: 45384 | F7: =AVERAGE(Soleil!$N$5:$N$10) -> 0.25335648 | G7: =AVERAGE(Soleil!$O$5:$O$10) -> 0.74884259 | H7: =AVERAGE(Soleil!$P$5:$P$10) -> 0.49548611 | I7: -17.76020 | J7: -149.38919 | K7: 24 | L7: Mataiea | M7: Tahiti Nui | N7: Tahiti | O7: Société | P7: Forêt | Q7: PAPEARI 1, PAPEARI4, MATAIEA 4 | R7: PAPEARI 1 | S7: =AVERAGE(Précipitation!F5:F10,Précipitation!F12:F17,Précipitation!F19:F24) -> 3.9166667 | T7: =MAX(Précipitation!F5:F10,Précipitation!F12:F17,Précipitation!F19:F24) -> 24.6 | U7: =AVERAGE(Température!J5:J10) -> 24.25 | V7: =AVERAGE(Température!K5:K10) -> 31.266667 | W7: 155.5 | X7: SSE | Y7: Hors vallée | Z7: 45.2 | AA7: 62.5 | AB7: 71.4 | AC7: =(AD7/31416) -> 0.073007385 | AD7: =2165+102+26.6 -> 2293.6 | AE7: 50 | AF7: 30 | AG7: 60 | AH7: 20 | AI7: =Feuil2!J7/Feuil2!K7 -> 0.16666667 | AJ7: =Feuil2!J7+Feuil2!K7 -> 7 | AK7: =IF(COUNTIF(Feuil2!B29:B35,"Acridotheres tristis"),1,0) -> 1 | AL7: =IF(COUNTIF(Feuil2!C29:C35,"Natif"),1,0) -> 1 | AM7: =Feuil2!K7 -> 6 | AN7: 370 | AO7: 88
A8: Jardin_Eau_2 SMM02747 - 2803_02042024 - Gaia -17.75749, -149.39176 - Carte SD 32 Go J noire | B8: Jardin_Eau_2 | C8: SMM02747 | D8: 45379 | E8: 45384 | F8: =AVERAGE(Soleil!$Q$5:$Q$10) -> 0.25335648 | G8: =AVERAGE(Soleil!$R$5:$R$10) -> 0.74884259 | H8: =AVERAGE(Soleil!$S$5:$S$10) -> 0.49548611 | I8: -17.75749 | J8: -149.39176 | K8: 107 | L8: Mataiea | M8: Tahiti Nui | N8: Tahiti | O8: Société | P8: Forêt | Q8: PAPEARI 1, PAPEARI4, MATAIEA 4 | R8: PAPEARI 1 | S8: =AVERAGE(Précipitation!G5:G10,Précipitation!G12:G17,Précipitation!G19:G24) -> 3.9166667 | T8: =MAX(Précipitation!G5:G10,Précipitation!G12:G17,Précipitation!G19:G24) -> 24.6 | U8: =AVERAGE(Température!L5:L10) -> 24.25 | V8: =AVERAGE(Température!M5:M10) -> 31.266667 | W8: 155.9 | X8: SSE | Y8: Crête vallée | Z8: 414 | AA8: 468 | AB8: 372 | AC8: =(AD8/31416) -> 0 | AD8: 0 | AE8: 90 | AF8: 20 | AG8: 70 | AH8: 0 | AI8: =Feuil2!J8/Feuil2!K8 -> 0.14285714 | AJ8: =Feuil2!J8+Feuil2!K8 -> 8 | AK8: =IF(COUNTIF(Feuil2!B36:B43,"Acridotheres tristis"),1,0) -> 0 | AL8: =IF(COUNTIF(Feuil2!C36:C43,"Natif"),1,0) -> 1 | AM8: =Feuil2!K8 -> 7 | AN8: 370 | AO8: 88
A9: Jardin_Eau_3 SMM09009 - 2803_02042024 - Gaia -17.75383, -149.39297 - Carte SD 32 Go extreme | B9: Jardin_Eau_3 | C9: SMM09009 | D9: 45379 | E9: 45384 | F9: =AVERAGE(Soleil!$T$5:$T$10) -> 0.25335648 | G9: =AVERAGE(Soleil!$U$5:$U$10) -> 0.74884259 | H9: =AVERAGE(Soleil!$V$5:$V$10) -> 0.49548611 | I9: -17.75383 | J9: -149.39297 | K9: 191 | L9: Mataiea | M9: Tahiti Nui | N9: Tahiti | O9: Société | P9: Forêt | Q9: PAPEARI 1, PAPEARI4, MATAIEA 4 | R9: PAPEARI 1 | S9: =AVERAGE(Précipitation!H5:H10,Précipitation!H12:H17,Précipitation!H19:H24) -> 3.9166667 | T9: =MAX(Précipitation!H5:H10,Précipitation!H12:H17,Précipitation!H19:H24) -> 24.6 | U9: =AVERAGE(Température!N5:N10) -> 24.25 | V9: =AVERAGE(Température!O5:O10) -> 31.266667 | W9: 155.7 | X9: SSE | Y9: Crête vallée | Z9: 851 | AA9: 888 | AB9: 808 | AC9: =(AD9/31416) -> 0 | AD9: 0 | AE9: 90 | AF9: 60 | AG9: 20 | AH9: 0 | AI9: =Feuil2!J9/Feuil2!K9 -> 0 | AJ9: =Feuil2!J9+Feuil2!K9 -> 5 | AK9: =IF(COUNTIF(Feuil2!B44:B48,"Acridotheres tristis"),1,0) -> 1 | AL9: =IF(COUNTIF(Feuil2!C44:C48,"Natif"),1,0) -> 0 | AM9: =Feuil2!K9 -> 5 | AN9: 370 | AO9: 88
A10: Jardin_Eau_4 SMM09307 - 2803_02042024 - Gaia -17.74614, -149.39308 - Carte SD 64 Go E27 extreme | B10: Jardin_Eau_4 | C10: SMM09307 | D10: 45379 | E10: 45384 | F10: =AVERAGE(Soleil!$W$5:$W$10) -> 0.25335648 | G10: =AVERAGE(Soleil!$X$5:$X$10) -> 0.74884259 | H10: =AVERAGE(Soleil!$Y$5:$Y$10) -> 0.49548611 | I10: -17.749837 | J10: -149.393569 | K10: 235 | L10: Mataiea | M10: Tahiti Nui | N10: Tahiti | O10: Société | P10: Forêt | Q10: PAPEARI 1, PAPEARI4, MATAIEA 4 | R10: PAPEARI 1 | S10: =AVERAGE(Précipitation!I5:I10,Précipitation!I12:I17,Précipitation!I19:I24) -> 3.9166667 | T10: =MAX(Précipitation!I7:I12,Précipitation!I14:I19,Précipitation!I21:I26) -> 24.6 | U10: =AVERAGE(Température!P5:P10) -> 24.25 | V10: =AVERAGE(Température!Q5:Q10) -> 31.266667 | W10: 155.2 | X10: SSE | Y10: Crête vallée | Z10: 1289 | AA10: 1314 | AB10: 1096 | AC10: =(AD10/31416) -> 0 | AD10: 0 | AE10: 80 | AF10: 60 | AG10: 70 | AH10: 0 | AI10: =Feuil2!J10/Feuil2!K10 -> 0.2 | AJ10: =Feuil2!J10+Feuil2!K10 -> 6 | AK10: =IF(COUNTIF(Feuil2!B49:B54,"Acridotheres tristis"),1,0) -> 0 | AL10: =IF(COUNTIF(Feuil2!C49:C54,"Natif"),1,0) -> 1 | AM10: =Feuil2!K10 -> 5 | AN10: 370 | AO10: 88
A11: Jardin_Eau_5 SMM09037 - 2803_02042024 - Gaia -17.74614, -149.39308 - Carte SD 32 Go G samsung | B11: Jardin_Eau_5 | C11: SMM09037 | D11: 45379 | E11: 45384 | F11: =AVERAGE(Soleil!$Z$5:$Z$10) -> 0.25335648 | G11: =AVERAGE(Soleil!$AA$5:$AA$10) -> 0.74884259 | H11: =AVERAGE(Soleil!$AB$5:$AB$10) -> 0.49548611 | I11: -17.74614 | J11: -149.39308 | K11: 289 | L11: Mataiea | M11: Tahiti Nui | N11: Tahiti | O11: Société | P11: Forêt | Q11: PAPEARI 1, PAPEARI4, MATAIEA 4 | R11: PAPEARI 1 | S11: =AVERAGE(Précipitation!J5:J10,Précipitation!J12:J17,Précipitation!J19:J24) -> 3.9166667 | T11: =MAX(Précipitation!J5:J10,Précipitation!J12:J17,Précipitation!J19:J24) -> 24.6 | U11: =AVERAGE(Température!R5:R10) -> 24.25 | V11: =AVERAGE(Température!S5:S10) -> 31.266667 | W11: 154.3 | X11: SSE | Y11: Crête vallée | Z11: 1675 | AA11: 1691 | AB11: 1332 | AC11: =(AD11/31416) -> 0 | AD11: 0 | AE11: 90 | AF11: 70 | AG11: 30 | AH11: 0 | AI11: =Feuil2!J11/Feuil2!K11 -> 0 | AJ11: =Feuil2!J11+Feuil2!K11 -> 5 | AK11: =IF(COUNTIF(Feuil2!B55:B59,"Acridotheres tristis"),1,0) -> 0 | AL11: =IF(COUNTIF(Feuil2!C55:C59,"Natif"),1,0) -> 0 | AM11: =Feuil2!K11 -> 5 | AN11: 370 | AO11: 88
A12: Marae_1 SMM02755 - 1004_15042024 - Gaia -17.69697, -149.58110 | B12: Marae_1 | C12: SMM02755 | D12: 45392 | E12: 45397 | F12: =AVERAGE(Soleil!$AC$5:$AC$10) -> 0.25520833 | G12: =AVERAGE(Soleil!$AE$5:$AE$10) -> 0.48645833 | H12: =AVERAGE(Soleil!$AF$5:$AF$10) -> 0.25503472 | I12: -17.69697 | J12: -149.58110 | K12: 22 | L12: Paea | M12: Tahiti Nui | N12: Tahiti | O12: Société | P12: Suburbain | Q12: PAEA 3 | R12: PAPARA 8, PUNAAUIA 6 | S12: =AVERAGE(Précipitation!K5:K10) -> 0.33333333 | T12: =MAX(Précipitation!K5:K10) -> 2 | U12: =AVERAGE(Température!T5:T10,Température!T12:T17) -> 24.908333 | V12: =AVERAGE(Température!U5:U10,Température!U12:U17) -> 31.333333 | W12: 243 | X12: OSO | Y12: Hors vallée | Z12: 262 | AA12: 391 | AB12: 19.5 | AC12: =(AD12/31416) -> 0.30680863 | AD12: =840+116+388+24+121+296+309+226+93.7+808+139+381+198+206+178+5+45.3+157+171+529+333+475+1330+1284+687+106+168+24.7 -> 9638.7 | AE12: 10 | AF12: 0 | AG12: 10 | AH12: 90 | AI12: =Feuil2!J12/Feuil2!K12 -> 0 | AJ12: =Feuil2!J12+Feuil2!K12 -> 7 | AK12: =IF(COUNTIF(Feuil2!B60:B66,"Acridotheres tristis"),1,0) -> 1 | AL12: =IF(COUNTIF(Feuil2!C60:C66,"Natif"),1,0) -> 0 | AM12: =Feuil2!K12 -> 7 | AN12: 390 | AO12: 101
A13: Marae_2 SMM09307 - 1004_130424 - Gaia -17.69722, -149.57881 | B13: Marae_2 | C13: SMM09307 | D13: 45392 | E13: 45395 | F13: =AVERAGE(Soleil!$AF$5:$AF$8) -> 0.25503472 | G13: =AVERAGE(Soleil!$AG$5:$AG$8) -> 0.74270833 | H13: =AVERAGE(Soleil!$AH$5:$AH$10) -> 0.48715278 | I13: -17.69722 | J13: -149.57881 | K13: 45 | L13: Paea | M13: Tahiti Nui | N13: Tahiti | O13: Société | P13: Forêt | Q13: PAEA 3 | R13: PAPARA 8, PUNAAUIA 6 | S13: =AVERAGE(Précipitation!L5:L8) -> 0.5 | T13: =MAX(Précipitation!L5:L8) -> 2 | U13: =AVERAGE(Température!V5:V8,Température!V12:V15) -> 25.0375 | V13: =AVERAGE(Température!W5:W8,Température!W12:W15) -> 31.5625 | W13: 242.5 | X13: OSO | Y13: Fond vallée | Z13: 510 | AA13: 632 | AB13: 126 | AC13: =(AD13/31416) -> 0.011204482 | AD13: 352 | AE13: 40 | AF13: 20 | AG13: 70 | AH13: 0 | AI13: =Feuil2!J13/Feuil2!K13 -> 0.28571429 | AJ13: =Feuil2!J13+Feuil2!K13 -> 9 | AK13: =IF(COUNTIF(Feuil2!B67:B75,"Acridotheres tristis"),1,0) -> 1 | AL13: =IF(COUNTIF(Feuil2!C67:C75,"Natif"),1,0) -> 1 | AM13: =Feuil2!K13 -> 7 | AN13: 215 | AO13: 101
A14: Marae_3 SMM09106 - 1004_160424 - Gaia -17.69643, -149.57515 | B14: Marae_3 | C14: SMM09106 | D14: 45392 | E14: 45398 | F14: =AVERAGE(Soleil!$AI$5:$AI$10) -> 0.25520833 | G14: =AVERAGE(Soleil!$AJ$5:$AJ$10) -> 0.74224537 | H14: =AVERAGE(Soleil!$AK$5:$AK$10) -> 0.48645833 | I14: -17.69643 | J14: -149.57515 | K14: 93 | L14: Paea | M14: Tahiti Nui | N14: Tahiti | O14: Société | P14: Forêt | Q14: PAEA 3 | R14: PAPARA 8, PUNAAUIA 6 | S14: =AVERAGE(Précipitation!M5:M11) -> 0.28571429 | T14: =MAX(Précipitation!M5:M11) -> 2 | U14: =AVERAGE(Température!X5:X11,Température!X13:X19) -> 24.871429 | V14: =AVERAGE(Température!Y5:Y11,Température!Y13:Y19) -> 31.185714 | W14: 242.1 | X14: OSO | Y14: Fond vallée | Z14: 899 | AA14: 1026 | AB14: 408 | AC14: =(AD14/31416) -> 0 | AD14: 0 | AE14: 90 | AF14: 60 | AG14: 0 | AH14: 0 | AI14: =Feuil2!J14/Feuil2!K14 -> 0 | AJ14: =Feuil2!J14+Feuil2!K14 -> 4 | AK14: =IF(COUNTIF(Feuil2!B76:B79,"Acridotheres tristis"),1,0) -> 0 | AL14: =IF(COUNTIF(Feuil2!C76:C79,"Natif"),1,0) -> 0 | AM14: =Feuil2!K14 -> 4 | AN14: 390 | AO14: 101
A15: Marae_4 SMM02747 - 1004_130424 - Gaia -17.69581, -149.57105 | B15: Marae_4 | C15: SMM02747 | D15: 45392 | E15: 45395 | F15: =AVERAGE(Soleil!$AL$5:$AL$8) -> 0.25503472 | G15: =AVERAGE(Soleil!$AM$5:$AM$10) -> 0.74270833 | H15: =AVERAGE(Soleil!$AN$5:$AN$10) -> 0.48715278 | I15: -17.69581 | J15: -149.57105 | K15: 141 | L15: Paea | M15: Tahiti Nui | N15: Tahiti | O15: Société | P15: Forêt | Q15: PAEA 3 | R15: PAPARA 8, PUNAAUIA 6 | S15: =AVERAGE(Précipitation!N5:N8) -> 0.5 | T15: =MAX(Précipitation!N5:N8) -> 2 | U15: =AVERAGE(Température!Z5:Z8,Température!Z12:Z15) -> 25.0375 | V15: =AVERAGE(Température!AA5:AA8,Température!AA12:AA15) -> 31.5625 | W15: 241.5 | X15: OSO | Y15: Fond vallée | Z15: 1335 | AA15: 1460 | AB15: 835 | AC15: =(AD15/31416) -> 0.0012605042 | AD15: 39.6 | AE15: 90 | AF15: 40 | AG15: 40 | AH15: 0 | AI15: =Feuil2!J15/Feuil2!K15 -> 0 | AJ15: =Feuil2!J15+Feuil2!K15 -> 6 | AK15: =IF(COUNTIF(Feuil2!B80:B85,"Acridotheres tristis"),1,0) -> 1 | AL15: =IF(COUNTIF(Feuil2!C80:C85,"Natif"),1,0) -> 0 | AM15: =Feuil2!K15 -> 6 | AN15: 190 | AO15: 101
A16: OBelvedere_1 SMM02928 - 2703_01042024 - Gaia -17.57431, -149.52287 - Carte SD 128 Go A15 extreme (mouillé) | B16: OBelvedere_1 | C16: SMM02928 | D16: 45378 | E16: 45383 | F16: =AVERAGE(Soleil!$AO$5:$AO$10) -> 0.253125 | G16: =AVERAGE(Soleil!$AP$5:$AP$10) -> 0.7494213 | H16: =AVERAGE(Soleil!$AQ$5:$AQ$10) -> 0.49618056 | I16: -17.57431 | J16: -149.52287 | K16: 810 | L16: Pirae | M16: Tahiti Nui | N16: Tahiti | O16: Société | P16: Forêt | Q16: PIRAE 1 | R16: PIRAE 1 | S16: =AVERAGE(Précipitation!O5:O10) -> 0.43333333 | T16: =MAX(Précipitation!O5:O10) -> 2 | U16: =AVERAGE(Température!AB5:AB10) -> 23.95 | V16: =AVERAGE(Température!AC5:AC10) -> 32.1 | W16: 310.3 | X16: NO | Y16: Crête vallée | Z16: 5826 | AA16: 5615 | AB16: 1146 | AC16: =(AD16/31416) -> 0 | AD16: 0 | AE16: 20 | AF16: 40 | AG16: 70 | AH16: 0 | AI16: =Feuil2!J16/Feuil2!K16 -> 0.2 | AJ16: =Feuil2!J16+Feuil2!K16 -> 6 | AK16: =IF(COUNTIF(Feuil2!B86:B91,"Acridotheres tristis"),1,0) -> 0 | AL16: =IF(COUNTIF(Feuil2!C86:C91,"Natif"),1,0) -> 1 | AM16: =Feuil2!K16 -> 5 | AN16: 380 | AO16: 87
A17: OBelvedere_2 SMM09106 - 2703_31032024 - Gaia -17.57137, -149.52481 - Carte SD 128 Go EI extreme pro (humide) (PB lecture carte) | B17: OBelvedere_2 | C17: SMM9106 | D17: 45378 | E17: 45382 | F17: =AVERAGE(Soleil!$AR$5:$AR$10) -> 0.25305556 | G17: =AVERAGE(Soleil!$AS$5:$AS$10) -> 0.74972222 | H17: =AVERAGE(Soleil!$AT$5:$AT$10) -> 0.49652778 | I17: -17.57137 | J17: -149.52481 | K17: 720 | L17: Pirae | M17: Tahiti Nui | N17: Tahiti | O17: Société | P17: Forêt | Q17: PIRAE 1 | R17: PIRAE 1 | S17: =AVERAGE(Précipitation!P5:P9) -> 0.4 | T17: =MAX(Précipitation!P5:P9) -> 2 | U17: =AVERAGE(Température!AD5:AD9) -> 23.92 | V17: =AVERAGE(Température!AE5:AE9) -> 31.96 | W17: 311 | X17: NO | Y17: Crête vallée | Z17: 5433 | AA17: 5241 | AB17: 752 | AC17: =(AD17/31416) -> 0 | AD17: 0 | AE17: 90 | AF17: 30 | AG17: 40 | AH17: 0 | AI17: =Feuil2!J17/Feuil2!K17 -> 0.2 | AJ17: =Feuil2!J17+Feuil2!K17 -> 6 | AK17: =IF(COUNTIF(Feuil2!B92:B97,"Acridotheres tristis"),1,0) -> 0 | AL17: =IF(COUNTIF(Feuil2!C92:C97,"Natif"),1,0) -> 1 | AM17: =Feuil2!K17 -> 5 | AN17: 285 | AO17: 87
A18: OBelvedere_3 SMM09228 - 2703_02042024 - Gaia -17.56843, -149.52697 - Carte SD 128 Go 44 extreme pro | B18: OBelvedere_3 | C18: SMM09228 | D18: 45378 | E18: 45384 | F18: =AVERAGE(Soleil!$AU$5:$AU$10) -> 0.253125 | G18: =AVERAGE(Soleil!$AV$5:$AV$10) -> 0.7494213 | H18: =AVERAGE(Soleil!$AW$5:$AW$10) -> 0.49618056 | I18: -17.56843 | J18: -149.52697 | K18: 633 | L18: Pirae | M18: Tahiti Nui | N18: Tahiti | O18: Société | P18: Forêt | Q18: PIRAE 1 | R18: PIRAE 1 | S18: =AVERAGE(Précipitation!Q5:Q11) -> 0.37142857 | T18: =MAX(Précipitation!Q5:Q11) -> 2 | U18: =AVERAGE(Température!AF5:AF11) -> 23.942857 | V18: =AVERAGE(Température!AG5:AG11) -> 32.228571 | W18: 311.5 | X18: NO | Y18: Crête vallée | Z18: 5027 | AA18: 4868 | AB18: 341 | AC18: =(AD18/31416) -> 0 | AD18: 0 | AE18: 90 | AF18: 50 | AG18: 40 | AH18: 0 | AI18: =Feuil2!J18/Feuil2!K18 -> 0 | AJ18: =Feuil2!J18+Feuil2!K18 -> 5 | AK18: =IF(COUNTIF(Feuil2!B98:B102,"Acridotheres tristis"),1,0) -> 0 | AL18: =IF(COUNTIF(Feuil2!C98:C102,"Natif"),1,0) -> 0 | AM18: =Feuil2!K18 -> 5 | AN18: 315 | AO18: 87
A19: OBelvedere_4 SMM09234 - 2703_010424 - Gaia -17.56543, -149.52914 - Carte SD 128 Go 30 extreme pro (leger humide) (PB lecture carte) | B19: OBelvedere_4 | C19: SMM09234 | D19: 45378 | E19: 45383 | F19: =AVERAGE(Soleil!$AX$5:$AX$10) -> 0.253125 | G19: =AVERAGE(Soleil!$AY$5:$AY$10) -> 0.7494213 | H19: =AVERAGE(Soleil!$AZ$5:$AZ$10) -> 0.49618056 | I19: -17.56543 | J19: -149.52914 | K19: 592 | L19: Pirae | M19: Tahiti Nui | N19: Tahiti | O19: Société | P19: Forêt | Q19: PIRAE 1 | R19: PIRAE 1 | S19: =AVERAGE(Précipitation!R5:R10) -> 0.43333333 | T19: =MAX(Précipitation!R5:R10) -> 2 | U19: =AVERAGE(Température!AH5:AH10) -> 23.95 | V19: =AVERAGE(Température!AI5:AI10) -> 32.1 | W19: 312 | X19: NO | Y19: Crête vallée | Z19: 4625 | AA19: 4501 | AB19: 40.3 | AC19: =(AD19/31416) -> 0.036304113 | AD19: =711+47.8+182+40+47.1+11.9+8.43+36.3+56 -> 1140.53 | AE19: 80 | AF19: 40 | AG19: 40 | AH19: 10 | AI19: =Feuil2!J19/Feuil2!K19 -> 0.16666667 | AJ19: =Feuil2!J19+Feuil2!K19 -> 7 | AK19: =IF(COUNTIF(Feuil2!B103:B109,"Acridotheres tristis"),1,0) -> 0 | AL19: =IF(COUNTIF(Feuil2!C103:C109,"Natif"),1,0) -> 1 | AM19: =Feuil2!K19 -> 6 | AN19: 365 | AO19: 87
A20: OBelvedere_5 SMM09021 - 2703_01042024 - Gaia -17.56375, -149.53238 - Carte SD 128 Go T5 extreme | B20: OBelvedere_5 | C20: SMM09021 | D20: 45378 | E20: 45383 | F20: =AVERAGE(Soleil!$BA$5:$BA$10) -> 0.253125 | G20: =AVERAGE(Soleil!$BB$5:$BB$10) -> 0.7494213 | H20: =AVERAGE(Soleil!$BC$5:$BC$10) -> 0.49618056 | I20: -17.56375 | J20: -149.53238 | K20: 428 | L20: Pirae | M20: Tahiti Nui | N20: Tahiti | O20: Société | P20: Forêt | Q20: PIRAE 1 | R20: PIRAE 1 | S20: =AVERAGE(Précipitation!S5:S9) -> 0.4 | T20: =MAX(Précipitation!S5:S9) -> 2 | U20: =AVERAGE(Température!AJ5:AJ10) -> 23.95 | V20: =AVERAGE(Température!AK5:AK10) -> 32.1 | W20: 311.5 | X20: NO | Y20: Crête vallée | Z20: 4267 | AA20: 4258 | AB20: 217 | AC20: =(AD20/31416) -> 0 | AD20: 0 | AE20: 80 | AF20: 60 | AG20: 50 | AH20: 5 | AI20: =Feuil2!J20/Feuil2!K20 -> 0.2 | AJ20: =Feuil2!J20+Feuil2!K20 -> 6 | AK20: =IF(COUNTIF(Feuil2!B110:B115,"Acridotheres tristis"),1,0) -> 1 | AL20: =IF(COUNTIF(Feuil2!C110:C115,"Natif"),1,0) -> 1 | AM20: =Feuil2!K20 -> 5 | AN20: 310 | AO20: 87
A21: OBelvedere_6 SMM09080 - 2703_300324 - Gaia -17.55964, -149.53662 - Carte SD 64 Go E4 extreme | B21: OBelvedere_6 | C21: SMM09080 | D21: 45378 | E21: 45381 | F21: =AVERAGE(Soleil!$BD$5:$BD$10) -> 0.25295139 | G21: =AVERAGE(Soleil!$BE$5:$BE$10) -> 0.75 | H21: =AVERAGE(Soleil!$BF$5:$BF$10) -> 0.496875 | I21: -17.55964 | J21: -149.53662 | K21: 294 | L21: Pirae | M21: Tahiti Nui | N21: Tahiti | O21: Société | P21: Forêt | Q21: PIRAE 1 | R21: PIRAE 1 | S21: =AVERAGE(Précipitation!T5:T8) -> 0 | T21: =MAX(Précipitation!T5:T8) -> 0 | U21: =AVERAGE(Température!AL5:AL8) -> 23.75 | V21: =AVERAGE(Température!AM5:AM8) -> 32.525 | W21: 311.7 | X21: NO | Y21: Crête vallée | Z21: 3644 | AA21: 3782 | AB21: 393 | AC21: =(AD21/31416) -> 0 | AD21: 0 | AE21: 90 | AF21: 30 | AG21: 40 | AH21: 5 | AI21: =Feuil2!J21/Feuil2!K21 -> 0.25 | AJ21: =Feuil2!J21+Feuil2!K21 -> 10 | AK21: =IF(COUNTIF(Feuil2!B116:B125,"Acridotheres tristis"),1,0) -> 1 | AL21: =IF(COUNTIF(Feuil2!C116:C125,"Natif"),1,0) -> 1 | AM21: =Feuil2!K21 -> 8 | AN21: 195 | AO21: 87
A22: OBelvedere_6.5 SMM09021 - 0205_060524 - Gaia -17.55615, -149.53839 | B22: OBelvedere_6.5 | C22: SMM09021 | D22: 45414 | E22: 45418 | F22: =AVERAGE(Soleil!$BG$5:$BG$10) -> 0.25875 | G22: =AVERAGE(Soleil!$BH$5:$BH$10) -> 0.73319444 | H22: =AVERAGE(Soleil!$BI$5:$BI$10) -> 0.47402778 | I22: -17.55615 | J22: -149.53839 | K22: 256 | L22: Pirae | M22: Tahiti Nui | N22: Tahiti | O22: Société | P22: Forêt | Q22: PIRAE 1 | R22: PIRAE 1 | S22: =AVERAGE(Précipitation!U5:U9) -> 0.08 | T22: =MAX(Précipitation!U5:U9) -> 0.2 | U22: =AVERAGE(Température!AN5:AN9) -> 22.96 | V22: =AVERAGE(Température!AO5:AO9) -> 32.24 | W22: 312.5 | X22: NO | Y22: Crête vallée | Z22: 3211 | AA22: 3404 | AB22: 210 | AC22: =(AD22/31416) -> 0 | AD22: 0 | AE22: 90 | AF22: 60 | AG22: 0 | AH22: 5 | AI22: =Feuil2!J22/Feuil2!K22 -> 0.5 | AJ22: =Feuil2!J22+Feuil2!K22 -> 6 | AK22: =IF(COUNTIF(Feuil2!B126:B131,"Acridotheres tristis"),1,0) -> 0 | AL22: =IF(COUNTIF(Feuil2!C126:C131,"Natif"),1,0) -> 1 | AM22: =Feuil2!K22 -> 4 | AN22: 275 | AO22: 123
A23: OBelvedere_7 SMM09337 - 2703_010424 - Gaia -17.55266, -149.53922 - Carte SD 64 Go A20 extreme | B23: OBelvedere_7 | C23: SMM09337 | D23: 45378 | E23: 45383 | F23: =AVERAGE(Soleil!$BJ$5:$BJ$10) -> 0.253125 | G23: =AVERAGE(Soleil!$BK$5:$BK$10) -> 0.7494213 | H23: =AVERAGE(Soleil!$BL$5:$BL$10) -> 0.49618056 | I23: -17.55266 | J23: -149.53822 | K23: 173 | L23: Pirae | M23: Tahiti Nui | N23: Tahiti | O23: Société | P23: Forêt | Q23: PIRAE 1 | R23: PIRAE 1 | S23: =AVERAGE(Précipitation!V5:V10) -> 0.43333333 | T23: =MAX(Précipitation!V5:V10) -> 2 | U23: =AVERAGE(Température!AP5:AP10) -> 23.95 | V23: =AVERAGE(Température!AQ5:AQ10) -> 32.1 | W23: 313.8 | X23: NO | Y23: Crête vallée | Z23: 2882 | AA23: 3017 | AB23: 226 | AC23: =(AD23/31416) -> 0 | AD23: 0 | AE23: 90 | AF23: 30 | AG23: 30 | AH23: 5 | AI23: =Feuil2!J23/Feuil2!K23 -> 0 | AJ23: =Feuil2!J23+Feuil2!K23 -> 5 | AK23: =IF(COUNTIF(Feuil2!B132:B136,"Acridotheres tristis"),1,0) -> 0 | AL23: =IF(COUNTIF(Feuil2!C132:C136,"Natif"),1,0) -> 0 | AM23: =Feuil2!K23 -> 5 | AN23: 340 | AO23: 87
A24: OBelvedere_7.5 SMM02553 - 0205_080524 - Gaia -17.54944, -149.54273  | B24: OBelvedere_7.5 | C24: SMM02553 | D24: 45414 | E24: 45420 | F24: =AVERAGE(Soleil!$BM$5:$BM$11) -> 0.25902778 | G24: =AVERAGE(Soleil!$BN$5:$BN$11) -> 0.7328373 | H24: =AVERAGE(Soleil!$BO$5:$BO$11) -> 0.4735119 | I24: -17.54944 | J24: -149.54273 | K24: 177 | L24: Pirae | M24: Tahiti Nui | N24: Tahiti | O24: Société | P24: Forêt | Q24: PIRAE 1 | R24: PIRAE 1 | S24: =AVERAGE(Précipitation!W5:W11) -> 0.057142857 | T24: =MAX(Précipitation!W5:W11) -> 0.2 | U24: =AVERAGE(Température!AR5:AR11) -> 23.028571 | V24: =AVERAGE(Température!AS5:AS11) -> 32.142857 | W24: 313.5 | X24: NO | Y24: Hors vallée | Z24: 2339 | AA24: 2679 | AB24: 116 | AC24: =(AD24/31416) -> 0 | AD24: 0 | AE24: 90 | AF24: 60 | AG24: 0 | AH24: 5 | AI24: =Feuil2!J24/Feuil2!K24 -> 0 | AJ24: =Feuil2!J24+Feuil2!K24 -> 6 | AK24: =IF(COUNTIF(Feuil2!B137:B142,"Acridotheres tristis"),1,0) -> 0 | AL24: =IF(COUNTIF(Feuil2!C137:C142,"Natif"),1,0) -> 0 | AM24: =Feuil2!K24 -> 6 | AN24: 370 | AO24: 123
A25: OBelvedere_8 SMM02752 - 2703_02042024 - Gaia -17.54568, -149.54451 - Carte SD 32 Go 40 extreme | B25: OBelvedere_8 | C25: SMM02752 | D25: 45378 | E25: 45384 | F25: =AVERAGE(Soleil!$BP$5:$BP$11) -> 0.2531746 | G25: =AVERAGE(Soleil!$BQ$5:$BQ$11) -> 0.74910714 | H25: =AVERAGE(Soleil!$BR$5:$BR$11) -> 0.49583333 | I25: -17.54568 | J25: -149.54451 | K25: 163 | L25: Pirae | M25: Tahiti Nui | N25: Tahiti | O25: Société | P25: Suburbain | Q25: PIRAE 1 | R25: PIRAE 1 | S25: =AVERAGE(Précipitation!X5:X11) -> 0.37142857 | T25: =MAX(Précipitation!X5:X11) -> 2 | U25: =AVERAGE(Température!AT5:AT11) -> 23.942857 | V25: =AVERAGE(Température!AU5:AU11) -> 32.228571 | W25: 314.2 | X25: NO | Y25: Hors vallée | Z25: 1883 | AA25: 2228 | AB25: 22.3 | AC25: =(AD25/31416) -> 0.33894194 | AD25: =1094+41.6+4113+1335+709+3130+95.8+62+11.5+23.9+20.6+11.8 -> 10648.2 | AE25: 40 | AF25: 20 | AG25: 0 | AH25: 50 | AI25: =Feuil2!J25/Feuil2!K25 -> 0 | AJ25: =Feuil2!J25+Feuil2!K25 -> 7 | AK25: =IF(COUNTIF(Feuil2!B143:B149,"Acridotheres tristis"),1,0) -> 1 | AL25: =IF(COUNTIF(Feuil2!C143:C149,"Natif"),1,0) -> 0 | AM25: =Feuil2!K25 -> 7 | AN25: 390 | AO25: 87
A26: OBelvedere_9 SMM02553 - 2703_01042024 - Gaia -17.53843, -149.54800 - Carte SD 64 Go extreme pro | B26: OBelvedere_9 | C26: SMM02553 | D26: 45378 | E26: 45383 | F26: =AVERAGE(Soleil!$BS$5:$BS$10) -> 0.253125 | G26: =AVERAGE(Soleil!$BT$5:$BT$10) -> 0.7494213 | H26: =AVERAGE(Soleil!$BU$5:$BU$10) -> 0.49618056 | I26: -17.53843 | J26: -149.54800 | K26: 58 | L26: Pirae | M26: Tahiti Nui | N26: Tahiti | O26: Société | P26: Suburbain | Q26: PIRAE 1 | R26: PIRAE 1 | S26: =AVERAGE(Précipitation!Y5:Y10) -> 0.43333333 | T26: =MAX(Précipitation!Y5:Y10) -> 2 | U26: =AVERAGE(Température!AV5:AV10) -> 23.95 | V26: =AVERAGE(Température!AW5:AW10) -> 32.1 | W26: 315.4 | X26: NO | Y26: Hors vallée | Z26: 992 | AA26: 1373 | AB26: 22.4 | AC26: =(AD26/31416) -> 0.35670996 | AD26: =226+94.4+282+1892+398+2823+2304+1244+143+185+1615 -> 11206.4 | AE26: 50 | AF26: 10 | AG26: 0 | AH26: 50 | AI26: =Feuil2!J26/Feuil2!K26 -> 0 | AJ26: =Feuil2!J26+Feuil2!K26 -> 7 | AK26: =IF(COUNTIF(Feuil2!B150:B156,"Acridotheres tristis"),1,0) -> 1 | AL26: =IF(COUNTIF(Feuil2!C150:C156,"Natif"),1,0) -> 0 | AM26: =Feuil2!K26 -> 7 | AN26: 360 | AO26: 87
A27: Papeete_2 SMM09228 - 0205_070524 - Gaia -17.53502, -149.55922 | B27: Papeete_2 | C27: SMM09228 | D27: 45414 | E27: 45419 | F27: =AVERAGE(Soleil!$BV$5:$BV$10) -> 0.25914352 | G27: =AVERAGE(Soleil!$BW$5:$BW$10) -> 0.73310185 | H27: =AVERAGE(Soleil!$BX$5:$BX$10) -> 0.47361111 | I27: -17.53502 | J27: -149.55922 | K27: 14 | L27: Papeete | M27: Tahiti Nui | N27: Tahiti | O27: Société | P27: Urbain | Q27: PAPEETE 2, PAPEETE3 | R27: PIRAE 1 | S27: =AVERAGE(Précipitation!Z5:Z10,Précipitation!Z12:Z17) -> 0 | T27: =MAX(Précipitation!Z5:Z10,Précipitation!Z12:Z17) -> 0 | U27: =AVERAGE(Température!AX5:AX10) -> 23.016667 | V27: =AVERAGE(Température!AY5:AY10) -> 32.35 | W27: 313.3 | X27: NO | Y27: Hors vallée | Z27: 180 | AA27: 873 | AB27: 7.27 | AC27: =(AD27/31416) -> 0.8724217 | AD27: 27408 | AE27: 30 | AF27: 0 | AG27: 20 | AH27: 70 | AI27: =Feuil2!J27/Feuil2!K27 -> 0 | AJ27: =Feuil2!J27+Feuil2!K27 -> 6 | AK27: =IF(COUNTIF(Feuil2!B157:B162,"Acridotheres tristis"),1,0) -> 1 | AL27: =IF(COUNTIF(Feuil2!C157:C162,"Natif"),1,0) -> 0 | AM27: =Feuil2!K27 -> 6 | AN27: 345 | AO27: 123
A28: Papeete_3 SMM09233 - 0205_070524 - Gaia -17.53199, -149.56194 | B28: Papeete_3 | C28: SMM09233 | D28: 45414 | E28: 45419 | F28: =AVERAGE(Soleil!$BY$5:$BY$10) -> 0.25914352 | G28: =AVERAGE(Soleil!$BZ$5:$BZ$10) -> 0.73310185 | H28: =AVERAGE(Soleil!$CA$5:$CA$10) -> 0.47361111 | I28: -17.53199 | J28: -149.56194 | K28: 10 | L28: Papeete | M28: Tahiti Nui | N28: Tahiti | O28: Société | P28: Urbain | Q28: PAPEETE 2, PAPEETE3 | R28: PIRAE 1 | S28: =AVERAGE(Précipitation!AA5:AA10,Précipitation!AA12:AA17) -> 0 | T28: =MAX(Précipitation!AA5:AA10,Précipitation!AA12:AA17) -> 0 | U28: =AVERAGE(Température!AZ5:AZ10) -> 23.016667 | V28: =AVERAGE(Température!BA5:BA10) -> 32.35 | W28: 313.5 | X28: NO | Y28: Hors vallée | Z28: 237 | AA28: 476 | AB28: 2.75 | AC28: =(AD28/31416) -> 0.70643621 | AD28: =5392+323+58.7+145+87.7+1715+2957+187+2352+638+173+221+4780+2614+191+359 -> 22193.4 | AE28: 10 | AF28: 10 | AG28: 20 | AH28: 70 | AI28: =Feuil2!J28/Feuil2!K28 -> 0 | AJ28: =Feuil2!J28+Feuil2!K28 -> 7 | AK28: =IF(COUNTIF(Feuil2!B163:B169,"Acridotheres tristis"),1,0) -> 1 | AL28: =IF(COUNTIF(Feuil2!C163:C169,"Natif"),1,0) -> 0 | AM28: =Feuil2!K28 -> 7 | AN28: 345 | AO28: 123
A29: Papeete_4 SMM09037 - 0205_070524 - Gaia -17.53325, -149.56791 | B29: Papeete_4 | C29: SMM09037 | D29: 45414 | E29: 45419 | F29: =AVERAGE(Soleil!$CB$5:$CB$10) -> 0.25914352 | G29: =AVERAGE(Soleil!$CC$5:$CC$10) -> 0.73310185 | H29: =AVERAGE(Soleil!$CD$5:$CD$10) -> 0.47361111 | I29: -17.53325 | J29: -149.56791 | K29: 8 | L29: Papeete | M29: Tahiti Nui | N29: Tahiti | O29: Société | P29: Urbain | Q29: PAPEETE 2, PAPEETE3 | R29: PIRAE 1 | S29: =AVERAGE(Précipitation!AB5:AB10,Précipitation!AB12:AB17) -> 0 | T29: =MAX(Précipitation!AB5:AB10,Précipitation!AB12:AB17) -> 0 | U29: =AVERAGE(Température!BB5:BB10) -> 23.016667 | V29: =AVERAGE(Température!BC5:BC10) -> 32.35 | W29: 311.7 | X29: NO | Y29: Hors vallée | Z29: 336 | AA29: 202 | AB29: 7.87 | AC29: =(AD29/31416) -> 0.87764197 | AD29: 27572 | AE29: 0 | AF29: 30 | AG29: 10 | AH29: 70 | AI29: =Feuil2!J29/Feuil2!K29 -> 0 | AJ29: =Feuil2!J29+Feuil2!K29 -> 5 | AK29: =IF(COUNTIF(Feuil2!B170:B174,"Acridotheres tristis"),1,0) -> 1 | AL29: =IF(COUNTIF(Feuil2!C170:C174,"Natif"),1,0) -> 0 | AM29: =Feuil2!K29 -> 5 | AN29: 345 | AO29: 123 | AP29: 1/3 du cercle Flouté par la base navale
A30: Papeete_5 SMM09009 - 0205_050524 - Gaia -17.52491, -149.55676 | B30: Papeete_5 | C30: SMM09009 | D30: 45414 | E30: 45417 | F30: =AVERAGE(Soleil!$CE$5:$CE$10) -> 0.25885417 | G30: =AVERAGE(Soleil!$CF$5:$CF$10) -> 0.73333333 | H30: =AVERAGE(Soleil!$CG$5:$CG$10) -> 0.47413194 | I30: -17.52491 | J30: -149.55676 | K30: 6 | L30: Papeete | M30: Tahiti Nui | N30: Tahiti | O30: Société | P30: Urbain | Q30: PAPEETE 2, PAPEETE3 | R30: PIRAE 1 | S30: =AVERAGE(Précipitation!AC5:AC8,Précipitation!AC12:AC15) -> 0 | T30: =MAX(Précipitation!AC5:AC8,Précipitation!AC12:AC15) -> 0 | U30: =AVERAGE(Température!BD5:BD8) -> 22.75 | V30: =AVERAGE(Température!BE5:BE8) -> 32.05 | W30: 316.8 | X30: NO | Y30: Hors vallée | Z30: 765 | AA30: 60.2 | AB30: 5 | AC30: =(AD30/31416) -> 0.43166858 | AD30: =174+392+380+1185+20.7+4115+17.7+12.3+13.6+53.6+3438+896+46.4+44+1891+307+575 -> 13561.3 | AE30: 10 | AF30: 40 | AG30: 30 | AH30: 40 | AI30: =Feuil2!J30/Feuil2!K30 -> 0 | AJ30: =Feuil2!J30+Feuil2!K30 -> 5 | AK30: =IF(COUNTIF(Feuil2!B175:B179,"Acridotheres tristis"),1,0) -> 1 | AL30: =IF(COUNTIF(Feuil2!C175:C179,"Natif"),1,0) -> 0 | AM30: =Feuil2!K30 -> 5 | AN30: 225 | AO30: 123
A31: PI_Belvedere_1 SMM02752 - 1902_24022024 - B0369 - Gaia -17.78532, -149.24700 - Carte SD 64 Go disk3s1 A6 extreme pro | B31: PI_Belvedere_1 | C31: SMM02752 | D31: 45341 | E31: 45346 | F31: =AVERAGE(Soleil!$CH$5:$CH$10) -> 0.24571759 | G31: =AVERAGE(Soleil!$CI$5:$CI$10) -> 0.76782407 | H31: =AVERAGE(Soleil!$CJ$5:$CJ$10) -> 0.521875 | I31: -17.78532 | J31: -149.24700 | K31: 749 | L31: Pueu | M31: Tahiti Iti | N31: Tahiti | O31: Société | P31: Forêt | Q31: AFAAHITI 2, AFAAHITI 4 | R31: AFAAHITI 2 | S31: =AVERAGE(Précipitation!AD5:AD10,Précipitation!AD12:AD17) -> 2.35 | T31: =MAX(Précipitation!AD5:AD10,Précipitation!AD12:AD17) -> 10.2 | U31: =AVERAGE(Température!BF5:BF10) -> 20.46 | V31: =AVERAGE(Température!BG5:BG10) -> 25.26 | W31: 302.4 | X31: NO | Y31: Plateau vallée | Z31: 5244 | AA31: 5297 | AB31: 745 | AC31: =(AD31/31416) -> 0 | AD31: 0 | AE31: 20 | AF31: 40 | AG31: 60 | AH31: 0 | AI31: =Feuil2!J31/Feuil2!K31 -> 0 | AJ31: =Feuil2!J31+Feuil2!K31 -> 4 | AK31: =IF(COUNTIF(Feuil2!B180:B183,"Acridotheres tristis"),1,0) -> 1 | AL31: =IF(COUNTIF(Feuil2!C180:C183,"Natif"),1,0) -> 0 | AM31: =Feuil2!K31 -> 4 | AN31: 350 | AO31: 50
A32: PI_Belvedere_2 SMM02553 - 1902_24022024 - B0368 - Gaia -17.78252, -149.24942 - Carte SD 32 Go 40 extreme | B32: PI_Belvedere_2 | C32: SMM02553 | D32: 45341 | E32: 45346 | F32: =AVERAGE(Soleil!$CK$5:$CK$10) -> 0.24571759 | G32: =AVERAGE(Soleil!$CL$5:$CL$10) -> 0.76782407 | H32: =AVERAGE(Soleil!$CM$5:$CM$10) -> 0.521875 | I32: -17.78252 | J32: -149.24942 | K32: 714 | L32: Pueu | M32: Tahiti Iti | N32: Tahiti | O32: Société | P32: Forêt | Q32: AFAAHITI 2, AFAAHITI 4 | R32: AFAAHITI 2 | S32: =AVERAGE(Précipitation!AE5:AE10,Précipitation!AE12:AE17) -> 2.35 | T32: =MAX(Précipitation!AE5:AE10,Précipitation!AE12:AE17) -> 10.2 | U32: =AVERAGE(Température!BH5:BH10) -> 20.46 | V32: =AVERAGE(Température!BI5:BI10) -> 25.26 | W32: 303.8 | X32: NO | Y32: Plateau vallée | Z32: 4900 | AA32: 4953 | AB32: 455 | AC32: =(AD32/31416) -> 0 | AD32: 0 | AE32: 40 | AF32: 60 | AG32: 50 | AH32: 0 | AI32: =Feuil2!J32/Feuil2!K32 -> 0.2 | AJ32: =Feuil2!J32+Feuil2!K32 -> 6 | AK32: =IF(COUNTIF(Feuil2!B184:B189,"Acridotheres tristis"),1,0) -> 0 | AL32: =IF(COUNTIF(Feuil2!C184:C189,"Natif"),1,0) -> 1 | AM32: =Feuil2!K32 -> 5 | AN32: 390 | AO32: 50
A33: PI_Belvedere_3 SMM02755 - 1902_24022024 - B0371 - Gaia -17.78001, -149.25222 - Carte SD 64 Go A20 extreme (un peu eau) | B33: PI_Belvedere_3 | C33: SMM02755 | D33: 45341 | E33: 45346 | F33: =AVERAGE(Soleil!$CN$5:$CN$10) -> 0.24571759 | G33: =AVERAGE(Soleil!$CO$5:$CO$10) -> 0.76782407 | H33: =AVERAGE(Soleil!$CP$5:$CP$10) -> 0.521875 | I33: -17.78001 | J33: -149.25222 | K33: 670 | L33: Pueu | M33: Tahiti Iti | N33: Tahiti | O33: Société | P33: Forêt | Q33: AFAAHITI 2, AFAAHITI 4 | R33: AFAAHITI 2 | S33: =AVERAGE(Précipitation!AF5:AF10,Précipitation!AF12:AF17) -> 2.35 | T33: =MAX(Précipitation!AF5:AF10,Précipitation!AF12:AF17) -> 10.2 | U33: =AVERAGE(Température!BJ4:BJ10) -> 20.46 | V33: =AVERAGE(Température!BK4:BK10) -> 25.26 | W33: 304.5 | X33: NO | Y33: Plateau vallée | Z33: 4589 | AA33: 4643 | AB33: 221 | AC33: =(AD33/31416) -> 0 | AD33: 0 | AE33: 60 | AF33: 60 | AG33: 60 | AH33: 0 | AI33: =Feuil2!J33/Feuil2!K33 -> 0.25 | AJ33: =Feuil2!J33+Feuil2!K33 -> 5 | AK33: =IF(COUNTIF(Feuil2!B190:B194,"Acridotheres tristis"),1,0) -> 1 | AL33: =IF(COUNTIF(Feuil2!C190:C194,"Natif"),1,0) -> 1 | AM33: =Feuil2!K33 -> 4 | AN33: 365 | AO33: 50
A34: PI_Belvedere_4 SMM09080 - 1902_24022024 - B0372 - GAIA -17.77712, -149.25440 - Carte SD 128 Go T5 extreme (mouillé) | B34: PI_Belvedere_4 | C34: SMM09080 | D34: 45341 | E34: 45346 | F34: =AVERAGE(Soleil!$CQ$5:$CQ$10) -> 0.24571759 | G34: =AVERAGE(Soleil!$CR$5:$CR$10) -> 0.76782407 | H34: =AVERAGE(Soleil!$CS$5:$CS$10) -> 0.521875 | I34: -17.77712 | J34: -149.25440 | K34: 637 | L34: Pueu | M34: Tahiti Iti | N34: Tahiti | O34: Société | P34: Forêt | Q34: AFAAHITI 2, AFAAHITI 4 | R34: AFAAHITI 2 | S34: =AVERAGE(Précipitation!AG5:AG10,Précipitation!AG12:AG17) -> 2.35 | T34: =MAX(Précipitation!AG5:AG10,Précipitation!AG12:AG17) -> 10.2 | U34: =AVERAGE(Température!BL5:BL10) -> 20.46 | V34: =AVERAGE(Température!BM5:BM10) -> 25.26 | W34: 305.8 | X34: NO | Y34: Plateau vallée | Z34: 4251 | AA34: 4313 | AB34: 348 | AC34: =(AD34/31416) -> 0.051056786 | AD34: 1604 | AE34: 15 | AF34: 40 | AG34: 70 | AH34: 0 | AI34: =Feuil2!J34/Feuil2!K34 -> 0.28571429 | AJ34: =Feuil2!J34+Feuil2!K34 -> 9 | AK34: =IF(COUNTIF(Feuil2!B195:B203,"Acridotheres tristis"),1,0) -> 1 | AL34: =IF(COUNTIF(Feuil2!C195:C203,"Natif"),1,0) -> 1 | AM34: =Feuil2!K34 -> 7 | AN34: 295 | AO34: 50
A35: PI_Belvedere_5 SMM09233 - 1902_24022024 - B0373 - Gaia -17.77749, -149.25852 - Carte SD 64 Go E4 extreme | B35: PI_Belvedere_5 | C35: SMM09233 | D35: 45341 | E35: 45346 | F35: =AVERAGE(Soleil!$CT$5:$CT$10) -> 0.24571759 | G35: =AVERAGE(Soleil!$CU$5:$CU$10) -> 0.76782407 | H35: =AVERAGE(Soleil!$CV$5:$CV$10) -> 0.521875 | I35: -17.77749 | J35: -149.25852 | K35: 567 | L35: Pueu | M35: Tahiti Iti | N35: Tahiti | O35: Société | P35: Prairie | Q35: AFAAHITI 2, AFAAHITI 4 | R35: AFAAHITI 2 | S35: =AVERAGE(Précipitation!AH5:AH10,Précipitation!AH12:AH17) -> 2.35 | T35: =MAX(Précipitation!AH5:AH10,Précipitation!AH12:AH17) -> 10.2 | U35: =AVERAGE(Température!BN5:BN10) -> 20.46 | V35: =AVERAGE(Température!BO5:BO10) -> 25.26 | W35: 303.1 | X35: NO | Y35: Plateau vallée | Z35: 4257 | AA35: 4288 | AB35: 92.8 | AC35: =(AD35/31416) -> 0.02535014 | AD35: =354+41.9+13.8+322+64.7 -> 796.4 | AE35: 10 | AF35: 0 | AG35: 90 | AH35: 5 | AI35: =Feuil2!J35/Feuil2!K35 -> 0.28571429 | AJ35: =Feuil2!J35+Feuil2!K35 -> 9 | AK35: =IF(COUNTIF(Feuil2!B204:B212,"Acridotheres tristis"),1,0) -> 1 | AL35: =IF(COUNTIF(Feuil2!C204:C212,"Natif"),1,0) -> 1 | AM35: =Feuil2!K35 -> 7 | AN35: 360 | AO35: 50
A36: PI_Belvedere_6 SMM09337 - 1902_24022024 - B0374 - Gaia -17.77471, -149.26167 - Carte SD 64 Go E27 extreme | B36: PI_Belvedere_6 | C36: SMM09337 | D36: 45341 | E36: 45346 | F36: =AVERAGE(Soleil!$CW$5:$CW$10) -> 0.24571759 | G36: =AVERAGE(Soleil!$CX$5:$CX$10) -> 0.76782407 | H36: =AVERAGE(Soleil!$CY$5:$CY$10) -> 0.521875 | I36: -17.77471 | J36: -149.26167 | K36: 515 | L36: Pueu | M36: Tahiti Iti | N36: Tahiti | O36: Société | P36: Prairie | Q36: AFAAHITI 2, AFAAHITI 4 | R36: AFAAHITI 2 | S36: =AVERAGE(Précipitation!AI5:AI10,Précipitation!AI12:AI17) -> 2.35 | T36: =MAX(Précipitation!AI4:AI10,Précipitation!AI12:AI17) -> 10.2 | U36: =AVERAGE(Température!BP5:BP10) -> 20.46 | V36: =AVERAGE(Température!BQ5:BQ10) -> 25.26 | W36: 303.8 | X36: NO | Y36: Plateau vallée | Z36: 3961 | AA36: 3991 | AB36: 220 | AC36: =(AD36/31416) -> 0.013174815 | AD36: =51.3+58.9+89+24.8+35.2+10+31.7+113 -> 413.9 | AE36: 10 | AF36: 0 | AG36: 90 | AH36: 5 | AI36: =Feuil2!J36/Feuil2!K36 -> 0.33333333 | AJ36: =Feuil2!J36+Feuil2!K36 -> 8 | AK36: =IF(COUNTIF(Feuil2!B213:B220,"Acridotheres tristis"),1,0) -> 1 | AL36: =IF(COUNTIF(Feuil2!C213:C220,"Natif"),1,0) -> 1 | AM36: =Feuil2!K36 -> 6 | AN36: 360 | AO36: 50
A37: PI_Belvedere_7 SMM09009 - 1902_24022024 - B0375 - Gaia -17.77101, -149.26569 - Carte SD 32 Go 38 extreme | B37: PI_Belvedere_7 | C37: SMM09009 | D37: 45341 | E37: 45346 | F37: =AVERAGE(Soleil!$CZ$5:$CZ$10) -> 0.24571759 | G37: =AVERAGE(Soleil!$DA$5:$DA$10) -> 0.76782407 | H37: =AVERAGE(Soleil!$DB$5:$DB$10) -> 0.521875 | I37: -17.77101 | J37: -149.26569 | K37: 451 | L37: Pueu | M37: Tahiti Iti | N37: Tahiti | O37: Société | P37: Prairie | Q37: AFAAHITI 2, AFAAHITI 4 | R37: AFAAHITI 2 | S37: =AVERAGE(Précipitation!AJ5:AJ10,Précipitation!AJ12:AJ17) -> 2.35 | T37: =MAX(Précipitation!AJ5:AJ10,Précipitation!AJ12:AJ17) -> 10.2 | U37: =AVERAGE(Température!BR5:BR10) -> 20.46 | V37: =AVERAGE(Température!BS5:BS10) -> 25.26 | W37: 304.6 | X37: NO | Y37: Plateau vallée | Z37: 3617 | AA37: 3648 | AB37: 204 | AC37: =(AD37/31416) -> 0.013585434 | AD37: =119+17.2+155+29.8+19.7+46.6+39.5 -> 426.8 | AE37: 15 | AF37: 0 | AG37: 90 | AH37: 5 | AI37: =Feuil2!J37/Feuil2!K37 -> 0.11111111 | AJ37: =Feuil2!J37+Feuil2!K37 -> 10 | AK37: =IF(COUNTIF(Feuil2!B221:B230,"Acridotheres tristis"),1,0) -> 1 | AL37: =IF(COUNTIF(Feuil2!C221:C230,"Natif"),1,0) -> 1 | AM37: =Feuil2!K37 -> 9 | AN37: 390 | AO37: 50
A38: PI_Belvedere_8 SMM09021 - 1902_25022024 - B0376 - Gaia -17.76659, -149.26981 - Carte SD 32 Go 42 extreme | B38: PI_Belvedere_8 | C38: SMM09021 | D38: 45341 | E38: 45347 | F38: =AVERAGE(Soleil!$DC$5:$DC$10) -> 0.24571759 | G38: =AVERAGE(Soleil!$DD$5:$DD$10) -> 0.76782407 | H38: =AVERAGE(Soleil!$DE$5:$DE$10) -> 0.521875 | I38: -17.76659 | J38: -149.26981 | K38: 408 | L38: Pueu | M38: Tahiti Iti | N38: Tahiti | O38: Société | P38: Prairie | Q38: AFAAHITI 2, AFAAHITI 4 | R38: AFAAHITI 2 | S38: =AVERAGE(Précipitation!AK5:AK10,Précipitation!AK12:AK17) -> 2.35 | T38: =MAX(Précipitation!AK5:AK10,Précipitation!AK12:AK17) -> 10.2 | U38: =AVERAGE(Température!BT5:BT11) -> 20.6 | V38: =AVERAGE(Température!BU5:BU11) -> 25.316667 | W38: 305.8 | X38: NO | Y38: Plateau vallée | Z38: 3139 | AA38: 3196 | AB38: 257 | AC38: =(AD38/31416) -> 0.0031066972 | AD38: =34.7+46.8+16.1 -> 97.6 | AE38: 30 | AF38: 0 | AG38: 80 | AH38: 5 | AI38: =Feuil2!J38/Feuil2!K38 -> 0.28571429 | AJ38: =Feuil2!J38+Feuil2!K38 -> 9 | AK38: =IF(COUNTIF(Feuil2!B231:B239,"Acridotheres tristis"),1,0) -> 1 | AL38: =IF(COUNTIF(Feuil2!C231:C239,"Natif"),1,0) -> 1 | AM38: =Feuil2!K38 -> 7 | AN38: 390 | AO38: 50
A39: PI_Belvedere_9 SMM09307 - 1902_25022024 - B0377 - Gaia -17.76375, -149.27422 - Carte SD 32 Go J noire | B39: PI_Belvedere_9 | C39: SMM09307 | D39: 45341 | E39: 45347 | F39: =AVERAGE(Soleil!$DF$5:$DF$10) -> 0.24571759 | G39: =AVERAGE(Soleil!$DG$5:$DG$10) -> 0.76782407 | H39: =AVERAGE(Soleil!$DH$5:$DH$10) -> 0.521875 | I39: -17.76375 | J39: -149.27422 | K39: 329 | L39: Pueu | M39: Tahiti Iti | N39: Tahiti | O39: Société | P39: Forêt | Q39: AFAAHITI 2, AFAAHITI 4 | R39: AFAAHITI 2 | S39: =AVERAGE(Précipitation!AL5:AL10,Précipitation!AL12:AL17) -> 2.35 | T39: =MAX(Précipitation!AL5:AL10,Précipitation!AL12:AL17) -> 10.2 | U39: =AVERAGE(Température!BV5:BV11) -> 20.6 | V39: =AVERAGE(Température!BW5:BW11) -> 25.316667 | W39: 305.6 | X39: NO | Y39: Plateau vallée | Z39: 2851 | AA39: 2968 | AB39: 127 | AC39: =(AD39/31416) -> 0.010450089 | AD39: =98.6+128+90.7+11 -> 328.3 | AE39: 60 | AF39: 10 | AG39: 40 | AH39: 0 | AI39: =Feuil2!J39/Feuil2!K39 -> 0.14285714 | AJ39: =Feuil2!J39+Feuil2!K39 -> 8 | AK39: =IF(COUNTIF(Feuil2!B240:B247,"Acridotheres tristis"),1,0) -> 1 | AL39: =IF(COUNTIF(Feuil2!C240:C247,"Natif"),1,0) -> 1 | AM39: =Feuil2!K39 -> 7 | AN39: 370 | AO39: 50
A40: PI_Embouchure_1 SMM09228 - 1502_20022024 - A0469 - Gaia -17.87781, -149.18525 - Carte SD 128 Go 30 extreme pro (mouille) | B40: PI_Embouchure_1 | C40: SMM09228 | D40: 45337 | E40: 45342 | F40: =AVERAGE(Soleil!$DI$5:$DI$10) -> 0.24467593 | G40: =AVERAGE(Soleil!$DJ$5:$DJ$10) -> 0.76967593 | H40: =AVERAGE(Soleil!$DK$5:$DK$10) -> 0.52465278 | I40: -17.87781 | J40: -149.18525 | K40: 12 | L40: Teahupoo | M40: Tahiti Iti | N40: Tahiti | O40: Société | P40: Forêt | Q40: TEAHUPOO, TEAHUPOO 1, TEAHUPOO 2 | R40: TEAHUPOO | S40: =AVERAGE(Précipitation!AM5:AM10,Précipitation!AM12:AM17,Précipitation!AM19:AM24) -> 0.88888889 | T40: =MAX(Précipitation!AM5:AM10,Précipitation!AM12:AM17,Précipitation!AM19:AM24) -> 6.4 | U40: =AVERAGE(Température!BX5:BX10) -> 23.883333 | V40: =AVERAGE(Température!BY5:BY10) -> 32.633333 | W40: 161.8 | X40: SSE | Y40: Hors vallée | Z40: 7307 | AA40: 66.4 | AB40: 16.1 | AC40: =(AD40/31416) -> 0.010035969 | AD40: =28+82.5+8.69+82.6+73.2+11.4+28.9 -> 315.29 | AE40: 50 | AF40: 40 | AG40: 10 | AH40: 5 | AI40: =Feuil2!J40/Feuil2!K40 -> 0 | AJ40: =Feuil2!J40+Feuil2!K40 -> 6 | AK40: =IF(COUNTIF(Feuil2!B248:B253,"Acridotheres tristis"),1,0) -> 1 | AL40: =IF(COUNTIF(Feuil2!C248:C253,"Natif"),1,0) -> 0 | AM40: =Feuil2!K40 -> 6 | AN40: 345 | AO40: 46
A41: PI_Embouchure_2 SMM09106 - 1502_20022024 - A0470 - Gaia -17.87648, -149.18449 - Carte SD 128 Go 44 extreme pro (peu mouille) | B41: PI_Embouchure_2 | C41: SMM09106 | D41: 45337 | E41: 45342 | F41: =AVERAGE(Soleil!$DL$5:$DL$10) -> 0.24467593 | G41: =AVERAGE(Soleil!$DM$5:$DM$10) -> 0.76967593 | H41: =AVERAGE(Soleil!$DN$5:$DN$10) -> 0.52465278 | I41: -17.87648 | J41: -149.18449 | K41: 18 | L41: Teahupoo | M41: Tahiti Iti | N41: Tahiti | O41: Société | P41: Forêt | Q41: TEAHUPOO, TEAHUPOO 1, TEAHUPOO 2 | R41: TEAHUPOO | S41: =AVERAGE(Précipitation!AN5:AN10,Précipitation!AN12:AN17,Précipitation!AN19:AN24) -> 0.88888889 | T41: =MAX(Précipitation!AN5:AN10,Précipitation!AN12:AN17,Précipitation!AN19:AN24) -> 6.4 | U41: =AVERAGE(Température!BZ5:BZ10) -> 23.883333 | V41: =AVERAGE(Température!CA5:CA10) -> 32.633333 | W41: 160.9 | X41: SSE | Y41: Hors vallée | Z41: 7069 | AA41: 235 | AB41: 187 | AC41: =(AD41/31416) -> 0.0027692895 | AD41: 87 | AE41: 50 | AF41: 50 | AG41: 50 | AH41: 0 | AI41: =Feuil2!J41/Feuil2!K41 -> 0.2 | AJ41: =Feuil2!J41+Feuil2!K41 -> 6 | AK41: =IF(COUNTIF(Feuil2!B254:B259,"Acridotheres tristis"),1,0) -> 1 | AL41: =IF(COUNTIF(Feuil2!C254:C259,"Natif"),1,0) -> 1 | AM41: =Feuil2!K41 -> 5 | AN41: 365 | AO41: 46
A42: PI_Embouchure_3 SMM02928 - 1502_20022024 - A0472 - Gaia -17.87360, -149.18278 - Carte SD 128 Go EI extreme pro | B42: PI_Embouchure_3 | C42: SMM02928 | D42: 45337 | E42: 45342 | F42: =AVERAGE(Soleil!$DO$5:$DO$10) -> 0.24467593 | G42: =AVERAGE(Soleil!$DP$5:$DP$10) -> 0.76967593 | H42: =AVERAGE(Soleil!$DQ$5:$DQ$10) -> 0.52465278 | I42: -17.87360 | J42: -149.18278 | K42: 19 | L42: Teahupoo | M42: Tahiti Iti | N42: Tahiti | O42: Société | P42: Forêt | Q42: TEAHUPOO, TEAHUPOO 1, TEAHUPOO 2 | R42: TEAHUPOO | S42: =AVERAGE(Précipitation!AO5:AO10,Précipitation!AO12:AO17,Précipitation!AO19:AO24) -> 0.88888889 | T42: =MAX(Précipitation!AO5:AO10,Précipitation!AO12:AO17,Précipitation!AO19:AO24) -> 6.4 | U42: =AVERAGE(Température!CB5:CB10) -> 23.883333 | V42: =AVERAGE(Température!CC5:CC10) -> 32.633333 | W42: 158.9 | X42: SSE | Y42: Hors vallée | Z42: 7145 | AA42: 556 | AB42: 378 | AC42: =(AD42/31416) -> 0 | AD42: 0 | AE42: 60 | AF42: 50 | AG42: 40 | AH42: 0 | AI42: =Feuil2!J42/Feuil2!K42 -> 0 | AJ42: =Feuil2!J42+Feuil2!K42 -> 3 | AK42: =IF(COUNTIF(Feuil2!B260:B262,"Acridotheres tristis"),1,0) -> 1 | AL42: =IF(COUNTIF(Feuil2!C260:C262,"Natif"),1,0) -> 0 | AM42: =Feuil2!K42 -> 3 | AN42: 370 | AO42: 46 | AP42: Bruit de fond/micro perpetuel
A43: PI_Embouchure_4 SMM09234 - 1502_21022024 - A0474 - Gaia -17.87116, -149.18017 - Carte SD 128 Go 27 extreme pro | B43: PI_Embouchure_4 | C43: SMM09234 | D43: 45337 | E43: 45343 | F43: =AVERAGE(Soleil!$DL$5:$DL$10) -> 0.24467593 | G43: =AVERAGE(Soleil!$DM$5:$DM$10) -> 0.76967593 | H43: =AVERAGE(Soleil!$D$5:$D$10) -> 0.51631944 | I43: -17.87116 | J43: -149.18017 | K43: 29 | L43: Teahupoo | M43: Tahiti Iti | N43: Tahiti | O43: Société | P43: Forêt | Q43: TEAHUPOO, TEAHUPOO 1, TEAHUPOO 2 | R43: TEAHUPOO | S43: =AVERAGE(Précipitation!AY5:AY11,Précipitation!AY13:AY19,Précipitation!AY21:AY27) -> 0.76190476 | T43: =MAX(Précipitation!AY5:AY11,Précipitation!AY13:AY19,Précipitation!AY21:AY27) -> 6.4 | U43: =AVERAGE(Température!CV5:CV11) -> 23.771429 | V43: =AVERAGE(Température!CW5:CW11) -> 32.6 | W43: 156.2 | X43: SSE | Y43: Fond vallée | Z43: 7340 | AA43: 978 | AB43: 552 | AC43: =(AD43/31416) -> 0 | AD43: 0 | AE43: 70 | AF43: 60 | AG43: 40 | AH43: 0 | AI43: =Feuil2!J52/Feuil2!K52 -> 0 | AJ43: =Feuil2!J52+Feuil2!K52 -> 8 | AK43: =IF(COUNTIF(Feuil2!B329:B336,"Acridotheres tristis"),1,0) -> 1 | AL43: =IF(COUNTIF(Feuil2!C329:C336,"Natif"),1,0) -> 0 | AM43: =Feuil2!K52 -> 8 | AN43: 300 | AO43: 46
A44: PI_Puunui_1 SMM02940 - 1902_25022024 - B0378 - GAIA -17.77881, -149.27769 - Carte SD 32Go | B44: PI_Puunui_1 | C44: SMM02940 | D44: 45341 | E44: 45347 | F44: =AVERAGE(Soleil!$DR$5:$DR$11) -> 0.24603175 | G44: =AVERAGE(Soleil!$DS$5:$DS$11) -> 0.76775794 | H44: =AVERAGE(Soleil!$DT$5:$DT$11) -> 0.52152778 | I44: -17.77881 | J44: -149.27769 | K44: 410 | L44: Puunui_Vairao | M44: Tahiti Iti | N44: Tahiti | O44: Société | P44: Prairie | Q44: AFAAHITI 2, AFAAHITI 4 | R44: AFAAHITI 2 | S44: =AVERAGE(Précipitation!AP5:AP11,Précipitation!AP13:AP19) -> 2.9285714 | T44: =MAX(Précipitation!AP5:AP11,Précipitation!AP13:AP19) -> 10.5 | U44: =AVERAGE(Température!CD5:CD11) -> 20.6 | V44: =AVERAGE(Température!CE5:CE11) -> 25.316667 | W44: 294.2 | X44: ONO | Y44: Plateau vallée | Z44: 2575 | AA44: 2588 | AB44: 85.7 | AC44: =(AD44/31416) -> 0.1979851 | AD44: =1316+1202+2038+42.9+1621 -> 6219.9 | AE44: 5 | AF44: 0 | AG44: 80 | AH44: 20 | AI44: =Feuil2!J43/Feuil2!K43 -> 0.14285714 | AJ44: =Feuil2!J43+Feuil2!K43 -> 8 | AK44: =IF(COUNTIF(Feuil2!B263:B270,"Acridotheres tristis"),1,0) -> 1 | AL44: =IF(COUNTIF(Feuil2!C263:C270,"Natif"),1,0) -> 1 | AM44: =Feuil2!K43 -> 7 | AN44: 370 | AO44: 50
A45: PI_Puunui_2 SMM02747 - 1902_24022024 - B0379 - GAIA -17.78095, -149.27371 - Carte SD A15 128Go | B45: PI_Puunui_2 | C45: SMM02747 | D45: 45341 | E45: 45346 | F45: =AVERAGE(Soleil!$DU$5:$DU$10) -> 0.24594907 | G45: =AVERAGE(Soleil!$DV$5:$DV$10) -> 0.76793981 | H45: =AVERAGE(Soleil!$DW$5:$DW$10) -> 0.521875 | I45: -17.78095 | J45: -149.27371 | K45: 437 | L45: Puunui_Vairao | M45: Tahiti Iti | N45: Tahiti | O45: Société | P45: Prairie | Q45: AFAAHITI 2, AFAAHITI 4 | R45: AFAAHITI 2 | S45: =AVERAGE(Précipitation!AQ5:AQ10,Précipitation!AQ13:AQ18) -> 2.35 | T45: =MAX(Précipitation!AQ5:AQ10,Précipitation!AQ13:AQ18) -> 10.2 | U45: =AVERAGE(Température!CF5:CF10) -> 20.46 | V45: =AVERAGE(Température!CG5:CG10) -> 25.26 | W45: 293.8 | X45: ONO | Y45: Plateau vallée | Z45: 2874 | AA45: 2893 | AB45: 189 | AC45: =(AD45/31416) -> 0.04004329 | AD45: 1258 | AE45: 5 | AF45: 0 | AG45: 90 | AH45: 5 | AI45: =Feuil2!J44/Feuil2!K44 -> 0.125 | AJ45: =Feuil2!J44+Feuil2!K44 -> 9 | AK45: =IF(COUNTIF(Feuil2!B271:B279,"Acridotheres tristis"),1,0) -> 1 | AL45: =IF(COUNTIF(Feuil2!C271:C279,"Natif"),1,0) -> 1 | AM45: =Feuil2!K44 -> 8 | AN45: 355 | AO45: 50
A46: Punaauia_Tefautea SMM02755 - 0205_080524 - Gaia -17.60700, -149.61230 | B46: Punaauia_Tefautea | C46: SMM02755 | D46: 45414 | E46: 45420 | F46: =AVERAGE(Soleil!$DX$5:$DX$11) -> 0.2593254 | G46: =AVERAGE(Soleil!$DY$5:$DY$11) -> 0.73293651 | H46: =AVERAGE(Soleil!$DZ$5:$DZ$11) -> 0.47321429 | I46: -17.60700 | J46: -149.59700 | K46: 254 | L46: Punaauia | M46: Tahiti Nui | N46: Tahiti | O46: Société | P46: Suburbain | Q46: PUNAAUIA 3, PUNAAUIA 6 | R46: PUNAAUIA 6 | S46: =AVERAGE(Précipitation!AR5:AR11) -> 0.48571429 | T46: =MAX(Précipitation!AR5:AR11) -> 3.1 | U46: =AVERAGE(Température!CH5:CH11) -> 23.457143 | V46: =AVERAGE(Température!CI5:CI11) -> 31.457143 | W46: 280.6 | X46: O | Y46: Hors vallée | Z46: 1316 | AA46: 1819 | AB46: 27.3 | AC46: =(AD46/31416) -> 0.083511586 | AD46: =82.3+273+254+18.5+359+440+689+460+47.8 -> 2623.6 | AE46: 0 | AF46: 10 | AG46: 30 | AH46: 70 | AI46: =Feuil2!J45/Feuil2!K45 -> 0 | AJ46: =Feuil2!J45+Feuil2!K45 -> 6 | AK46: =IF(COUNTIF(Feuil2!B280:B285,"Acridotheres tristis"),1,0) -> 1 | AL46: =IF(COUNTIF(Feuil2!C280:C285,"Natif"),1,0) -> 0 | AM46: =Feuil2!K45 -> 6 | AN46: 365 | AO46: 123
A47: Punavai_1 SMM09337 - 1004_150424 - Gaia -17.62345, -149.61086 | B47: Punavai_1 | C47: SMM09337 | D47: 45392 | E47: 45397 | F47: =AVERAGE(Soleil!$EA$5:$EA$10) -> 0.25532407 | G47: =AVERAGE(Soleil!$EB$5:$EB$10) -> 0.74224537 | H47: =AVERAGE(Soleil!$EC$5:$EC$10) -> 0.48645833 | I47: -17.62345 | J47: -149.61086 | K47: 13 | L47: Puna_Punaauia | M47: Tahiti Nui | N47: Tahiti | O47: Société | P47: Suburbain | Q47: PUNAAUIA 3, PUNAAUIA 6 | R47: PUNAAUIA 6 | S47: =AVERAGE(Précipitation!AS5:AS10) -> 0.96666667 | T47: =MAX(Précipitation!AS5:AS10) -> 3.1 | U47: =AVERAGE(Température!CJ5:CJ10) -> 24.433333 | V47: =AVERAGE(Température!CK5:CK10) -> 31.95 | W47: 273.7 | X47: O | Y47: Hors vallée | Z47: 289 | AA47: 307 | AB47: 6.24 | AC47: =(AD47/31416) -> 0.82343392 | AD47: =1004+17373+454+2611+4427 -> 25869 | AE47: 0 | AF47: 30 | AG47: 10 | AH47: 90 | AI47: =Feuil2!J46/Feuil2!K46 -> 0 | AJ47: =Feuil2!J46+Feuil2!K46 -> 7 | AK47: =IF(COUNTIF(Feuil2!B286:B292,"Acridotheres tristis"),1,0) -> 1 | AL47: =IF(COUNTIF(Feuil2!C286:C292,"Natif"),1,0) -> 0 | AM47: =Feuil2!K46 -> 7 | AN47: 375 | AO47: 101
A48: Punavai_2 SMM02752 - 1004_110424 - Gaia -17.62143, -149.60544 | B48: Punavai_2 | C48: SMM02752 | D48: 45392 | E48: 45393 | F48: =AVERAGE(Soleil!$ED$5:$ED$10) -> 0.25486111 | G48: =AVERAGE(Soleil!$EE$5:$EE$10) -> 0.74340278 | H48: =AVERAGE(Soleil!$EF$5:$EF$10) -> 0.48784722 | I48: -17.62143 | J48: -149.60544 | K48: 106 | L48: Puna_Punaauia | M48: Tahiti Nui | N48: Tahiti | O48: Société | P48: Suburbain | Q48: PUNAAUIA 3, PUNAAUIA 6 | R48: PUNAAUIA 6 | S48: =AVERAGE(Précipitation!AT5:AT6) -> 1.9 | T48: =MAX(Précipitation!AT5:AT6) -> 3.1 | U48: =AVERAGE(Température!CL5:CL6) -> 24.85 | V48: =AVERAGE(Température!CM5:CM6) -> 31.8 | W48: 274.6 | X48: O | Y48: Hors vallée | Z48: 297 | AA48: 932 | AB48: 17.3 | AC48: =(AD48/31416) -> 0.33003247 | AD48: =6379+894+276+414+76+82.5+76+12.8+610+481+251+816 -> 10368.3 | AE48: 30 | AF48: 10 | AG48: 10 | AH48: 40 | AI48: =Feuil2!J47/Feuil2!K47 -> 0 | AJ48: =Feuil2!J47+Feuil2!K47 -> 6 | AK48: =IF(COUNTIF(Feuil2!B293:B298,"Acridotheres tristis"),1,0) -> 1 | AL48: =IF(COUNTIF(Feuil2!C293:C298,"Natif"),1,0) -> 0 | AM48: =Feuil2!K47 -> 6 | AN48: 35 | AO48: 101 | AP48: Un jour d'enregistrement
A49: Punavai_3 SMM09234 - 1004_140424 - Gaia -17.62025, -149.60088 (mouille++) | B49: Punavai_3 | C49: SMM09234 | D49: 45392 | E49: 45396 | F49: =AVERAGE(Soleil!$EG$5:$EG$10) -> 0.25527778 | G49: =AVERAGE(Soleil!$EH$5:$EH$10) -> 0.7425 | H49: =AVERAGE(Soleil!$EI$5:$EI$12) -> 0.48680556 | I49: -17.62025 | J49: -149.60088 | K49: 187 | L49: Puna_Punaauia | M49: Tahiti Nui | N49: Tahiti | O49: Société | P49: Suburbain | Q49: PUNAAUIA 3, PUNAAUIA 6 | R49: PUNAAUIA 6 | S49: =AVERAGE(Précipitation!AU5:AU9) -> 0.76 | T49: =MAX(Précipitation!AU5:AU9) -> 3.1 | U49: =AVERAGE(Température!CN5:CN9) -> 24.34 | V49: =AVERAGE(Température!CO5:CO9) -> 32.14 | W49: 275.2 | X49: O | Y49: Hors vallée | Z49: 799 | AA49: 1438 | AB49: 34.5 | AC49: =(AD49/31416) -> 0.36791762 | AD49: =3453+7608+66.4+306+29.5+95.6 -> 11558.5 | AE49: 0 | AF49: 10 | AG49: 80 | AH49: 20 | AI49: =Feuil2!J48/Feuil2!K48 -> 0 | AJ49: =Feuil2!J48+Feuil2!K48 -> 7 | AK49: =IF(COUNTIF(Feuil2!B299:B305,"Acridotheres tristis"),1,0) -> 1 | AL49: =IF(COUNTIF(Feuil2!C299:C305,"Natif"),1,0) -> 0 | AM49: =Feuil2!K48 -> 7 | AN49: 290 | AO49: 101
A50: Punavai_4 SMM09009 - 1004_170424 - Gaia -17.62003, -149.59700 | B50: Punavai_4 | C50: SMM09009 | D50: 45392 | E50: 45399 | F50: =AVERAGE(Soleil!$EJ$5:$EJ$12) -> 0.25546875 | G50: =AVERAGE(Soleil!$EK$5:$EK$12) -> 0.74175347 | H50: =AVERAGE(Soleil!$EL$5:$EL$12) -> 0.48585069 | I50: -17.62003 | J50: -149.59700 | K50: 252 | L50: Puna_Punaauia | M50: Tahiti Nui | N50: Tahiti | O50: Société | P50: Suburbain | Q50: PUNAAUIA 3, PUNAAUIA 6 | R50: PUNAAUIA 6 | S50: =AVERAGE(Précipitation!AV5:AV12) -> 2.025 | T50: =MAX(Précipitation!AV5:AV12) -> 10 | U50: =AVERAGE(Température!CP5:CP12) -> 24.45 | V50: =AVERAGE(Température!CQ5:CQ12) -> 31.6625 | W50: 275.4 | X50: O | Y50: Hors vallée | Z50: 1215 | AA50: 1842 | AB50: 9.3 | AC50: =(AD50/31416) -> 0.39698243 | AD50: =10.3+247+548+60.4+1172+298+831+211+122+4743+1061+231+60.9+659+513+901+290+513 -> 12471.6 | AE50: 0 | AF50: 30 | AG50: 10 | AH50: 70 | AI50: =Feuil2!J49/Feuil2!K49 -> 0.14285714 | AJ50: =Feuil2!J49+Feuil2!K49 -> 8 | AK50: =IF(COUNTIF(Feuil2!B306:B313,"Acridotheres tristis"),1,0) -> 1 | AL50: =IF(COUNTIF(Feuil2!C306:C313,"Natif"),1,0) -> 1 | AM50: =Feuil2!K49 -> 7 | AN50: 390 | AO50: 101
A51: Punavai_5 SMM02940 - 1004_160424 - Gaia -17.61808, -149.59391 (mouille) | B51: Punavai_5 | C51: SMM02940 | D51: 45392 | E51: 45398 | F51: =AVERAGE(Soleil!$EM$5:$EM$11) -> 0.25535714 | G51: =AVERAGE(Soleil!$EN$5:$EN$11) -> 0.74196429 | H51: =AVERAGE(Soleil!$EO$5:$EO$11) -> 0.48611111 | I51: -17.61808 | J51: -149.59391 | K51: 313 | L51: Puna_Punaauia | M51: Tahiti Nui | N51: Tahiti | O51: Société | P51: Suburbain | Q51: PUNAAUIA 3, PUNAAUIA 6 | R51: PUNAAUIA 6 | S51: =AVERAGE(Précipitation!AW5:AW11) -> 2.2571429 | T51: =MAX(Précipitation!AW5:AW11) -> 10 | U51: =AVERAGE(Température!CR5:CR11) -> 24.428571 | V51: =AVERAGE(Température!CS5:CS11) -> 31.685714 | W51: 276.3 | X51: O | Y51: Hors vallée | Z51: 1578 | AA51: 2222 | AB51: 19.7 | AC51: =(AD51/31416) -> 0.19789279 | AD51: =166+1955+16.9+167+65.5+67.1+170+975+92.6+212+1601+664+64.9 -> 6217 | AE51: 0 | AF51: 40 | AG51: 40 | AH51: 20 | AI51: =Feuil2!J50/Feuil2!K50 -> 0.14285714 | AJ51: =Feuil2!J50+Feuil2!K50 -> 8 | AK51: =IF(COUNTIF(Feuil2!B314:B321,"Acridotheres tristis"),1,0) -> 1 | AL51: =IF(COUNTIF(Feuil2!C314:C321,"Natif"),1,0) -> 1 | AM51: =Feuil2!K50 -> 7 | AN51: 375 | AO51: 101
A52: Punavai_6 SMM09021 - 1004_160424 - Gaia -17.61771, -149.58950 | B52: Punavai_6 | C52: SMM09021 | D52: 45392 | E52: 45398 | F52: =AVERAGE(Soleil!$EP$5:$EP$11) -> 0.25535714 | G52: =AVERAGE(Soleil!$EQ$5:$EQ$11) -> 0.74196429 | H52: =AVERAGE(Soleil!$ER$5:$ER$11) -> 0.48611111 | I52: -17.61771 | J52: -149.58950 | K52: 449 | L52: Puna_Punaauia | M52: Tahiti Nui | N52: Tahiti | O52: Société | P52: Suburbain | Q52: PUNAAUIA 3, PUNAAUIA 6 | R52: PUNAAUIA 6 | S52: =AVERAGE(Précipitation!AX5:AX11) -> 2.2571429 | T52: =MAX(Précipitation!AX5:AX11) -> 10 | U52: =AVERAGE(Température!CT5:CT11) -> 24.428571 | V52: =AVERAGE(Température!CU5:CU11) -> 31.685714 | W52: 276.7 | X52: O | Y52: Crête vallée | Z52: 2065 | AA52: 2696 | AB52: 19.8 | AC52: =(AD52/31416) -> 0.25339636 | AD52: =201+7695+64.7 -> 7960.7 | AE52: 0 | AF52: 40 | AG52: 30 | AH52: 70 | AI52: =Feuil2!J51/Feuil2!K51 -> 0 | AJ52: =Feuil2!J51+Feuil2!K51 -> 7 | AK52: =IF(COUNTIF(Feuil2!B322:B328,"Acridotheres tristis"),1,0) -> 0 | AL52: =IF(COUNTIF(Feuil2!C322:C328,"Natif"),1,0) -> 0 | AM52: =Feuil2!K51 -> 7 | AN52: 375 | AO52: 101

Sheet Description_Champ_Feuil1
A1: Nom_Tab | B1: Nom_Complet | C1: Description | K1: Variables
A2: Fichier | B2: Fichier | C2: Nom du dossier dans les données acoustique du disque dur | K2: Lever_Soleil_Moy | L2: Lever_Soleil_Moyen
A3: Enr | B3: Enregistreur | C3: Nom du site d'enregistrement | K3: Coucher_Soleil_Moy | L3: Coucher_Soleil_Moyen
A4: EAA | B4: Enregistreur acoustique automatique | C4: Etiquette de l'enregistreur utilisée pour chaque site | K4: Longueur_Jour_Moy | L4: Longueur_Jour_Moyen
A5: Début | B5: Début | C5: Date de pose de l'enregistreur | K5: Alt(m) | L5: Altitude
A6: Fin | B6: Fin | C6: Date de fin d'enregistrement | K6: Commune | L6: Commune
A7: Lever_Soleil_Moy | B7: Lever_Soleil_Moyen | C7: Date du lever de soleil pour chaque site/enregistreur, en moyenne pour les jour ou ils ont été posé | K7: Hab | L7: Habitat
A8: Coucher_Soleil_Moy | B8: Coucher_Soleil_Moyen | C8: Date du coucher de soleil pour chaque site/enregistreur, en moyenne pour les jour ou ils ont été posé | K8: P_J_Moy(mm) | L8: Précipitation_Jour_Moyenne(mm)
A9: Longueur_Jour_Moy | B9: Longueur_Jour_Moyen | C9: Durée de longeur de jour pour chaque site/enregistreur, en moyenne pour les jour ou ils ont été posé | K9: P_J_Max(mm) | L9: Précipitation_Jour_Maximum(mm)
A10: Latitude | B10: Latitude | C10: Latitude pour chaque point GPS des enregistreurs | K10: T_Min_M(C°) | L10: Température_Minimal_Moyenne(C°)
A11: Longitude | B11: Longitude | C11: Longitude pour chaque point GPS des enregistreurs | K11: T_Max_M(C°) | L11: Température_Maximale_Moyenne(C°)
A12: Alt(m) | B12: Altitude | C12: Altitude pour chaque enregistreur | K12: Azi(°) | L12: Azimut(°)
A13: Commune | B13: Commune | C13: Commune ou un ensemble d'enregistreur en gradiant ont pu être posé | K13: Ori | L13: Orientation
... A26: D_R_P(m) | B26: Distance_Route_Principale(m) | C26: Distance direct entre l'enregistreur et la route principale faisant le tour de Tahiti, ou il y a le plus d'activité | K26: Nb_Day_2024 | L26: Nombre_Jour_2024
A27: D_M(m) | B27: Distance_Mer(m) | C27: Distance la plus courte à la mer
A28: D_B(m) | B28: Distance_batiment(m) | C28: Distance la plus courte à un batiment construit
A29: HSA(%) | B29: Hard_Surface_Area(%) | C29: Pourcentage de surface batie dans un rayon de 100m autour des enregistreurs, informe sur l'antropisation des millieux enregistrés
A30: Surface batie (m) | B30: Surface batie(m²) | C30: Surface batie mesurée par polygone à l'intérieur des cercles de 100 m de diamètre, permet d'obtenir le HSA
A31: Arb(%) | B31: Arbre(%) | C31: Couvert de végétation arborée visible autour des enregistreurs posés, effectuée par Emma Pilleboue lors de son stage et de la pose des EAA
A32: Arbu(%) | B32: Arbuste(%) | C32: Couvert de végétation arbustive visible autour des enregistreurs posés, effectuée par Emma Pilleboue lors de son stage et de la pose des EAA
A33: Her(%) | B33: Herbacée(%) | C33: Couvert de végétation herbacée visible autour des enregistreurs posés, effectuée par Emma Pilleboue lors de son stage et de la pose des EAA
A34: Ant(%) | B34: Anthropisque(%) | C34: Couvert de surface anthropique visible autour des enregistreurs, du batiments à la route bitumée
A35: N/E | B35: Natif/Exotique | C35: Proportion d'espèce Natif détectée sur les exotiques, lors de deux points écoutes effectuées à posteriori sur les données acoustique, on effectue la proportion conjointement sur la diversité totale détectée lors des deux points écoutes de 10 minutes
A36: S | B36: Species Richness | C36: Richesse total en espèce aviaire détecté lors de deux points écoutes effectuées à posteriori sur les données acoustique, on prend en compte la diversité maximal en combiant les deux points écoutes de 10 minutes
A37: Tps_Ana | B37: Temps_Analysée | C37: Nombre de minutes analysées pour obtenir les indices acoutiques
A38: Nb_Day_2024 | B38: Nombre_Jour_2024 | C38: Nombre de jour écoulée depuis le début de l'année 2024, avant la mise en place de l'enregistreur.
A39: Qualité,Commentaire | B39: Qualité,Commentaire

Sheet PO
A1: NAME_SPECIES | B1: LATIN_SPECIES | C1: STATUS | D1: DATE | E1: TIME_START | F1: TIME_STOP | G1: DAILY_TEXT_COMMENT_REM | H1: ENR | I1: COORD_LAT | J1: COORD_LON | K1: TRAFFIC | L1: RAIN | M1: WIND | N1: ACTIVITY | O1: EXTEND_NOISE | P1: MIC_NOISE
A2: Geopélie zébrée | B2: Geopelia striata | C2: Introduit | D2: 45350 | E2: 0.25 | F2: 0.25694444 | G2: No rain | H2: Ifremer_1 | I2: -17.80597 | J2: -149.29421
A3: Martin triste | B3: Acridotheres tristis | C3: Introduit | D3: 45350 | E3: 0.25 | F3: 0.25694444 | G3: No rain | H3: Ifremer_1 | I3: -17.80597 | J3: -149.29421
A4: Coq Banvika | B4: Gallus gallus | C4: Introduit | D4: 45350 | E4: 0.25 | F4: 0.25694444 | G4: No rain | H4: Ifremer_1 | I4: -17.80597 | J4: -149.29421
A5: Capucin donacole | B5: Lonchura castaneothorax | C5: Introduit | D5: 45350 | E5: 0.25 | F5: 0.25694444 | G5: No rain | H5: Ifremer_1 | I5: -17.80597 | J5: -149.29421
A6: Coq Banvika | B6: Gallus gallus | C6: Introduit | D6: 45351 | E6: 0.25 | F6: 0.25694444 | G6: 35.15 bruit chelou | H6: Ifremer_1 | I6: -17.80597 | J6: -149.29421 | K6: 1 | L6: 1 | M6: 1 | N6: 4 | O6: 1 | P6: 2
A7: Geopélie zébrée | B7: Geopelia striata | C7: Introduit | D7: 45351 | E7: 0.25 | F7: 0.25694444 | G7: 35.15 bruit chelou | H7: Ifremer_1 | I7: -17.80597 | J7: -149.29421 | K7: 1 | L7: 1 | M7: 1 | N7: 4 | O7: 1 | P7: 2
A8: Bulbul à ventre rouge | B8: Pycnonotus cafer | C8: Introduit | D8: 45351 | E8: 0.25 | F8: 0.25694444 | G8: 35.15 bruit chelou | H8: Ifremer_1 | I8: -17.80597 | J8: -149.29421 | K8: 1 | L8: 1 | M8: 1 | N8: 4 | O8: 1 | P8: 2
A9: Martin triste | B9: Acridotheres tristis | C9: Introduit | D9: 45351 | E9: 0.25 | F9: 0.25694444 | G9: 35.15 bruit chelou | H9: Ifremer_1 | I9: -17.80597 | J9: -149.29421 | K9: 1 | L9: 1 | M9: 1 | N9: 4 | O9: 1 | P9: 2
A10: Capucin donacole | B10: Lonchura castaneothorax | C10: Introduit | D10: 45351 | E10: 0.25 | F10: 0.25694444 | G10: 35.15 bruit chelou | H10: Ifremer_1 | I10: -17.80597 | J10: -149.29421 | K10: 1 | L10: 1 | M10: 1 | N10: 4 | O10: 1 | P10: 2
A11: Coq Banvika | B11: Gallus gallus | C11: Introduit | D11: 45395 | E11: 0.25 | F11: 0.25694444 | G11: No rain | H11: ILM_1 | I11: -17.73177 | J11: -149.57868
A12: Geopélie zébrée | B12: Geopelia striata | C12: Introduit | D12: 45395 | E12: 0.25 | F12: 0.25694444 | G12: No rain | H12: ILM_1 | I12: -17.73177 | J12: -149.57868
A13: Martin triste | B13: Acridotheres tristis | C13: Introduit | D13: 45395 | E13: 0.25 | F13: 0.25694444 | G13: No rain | H13: ILM_1 | I13: -17.73177 | J13: -149.57868
A14: Bulbul à ventre rouge | B14: Pycnonotus cafer | C14: Introduit | D14: 45395 | E14: 0.25 | F14: 0.25694444 | G14: No rain | H14: ILM_1 | I14: -17.73177 | J14: -149.57868
A15: Pigeon biset | B15: Columba livia | C15: Introduit | D15: 45395 | E15: 0.25 | F15: 0.25694444 | G15: No rain | H15: ILM_1 | I15: -17.73177 | J15: -149.57868
A16: Diamant à cinq couleur | B16: Neochmia temporalis | C16: Introduit | D16: 45395 | E16: 0.25 | F16: 0.25694444 | G16: No rain | H16: ILM_1 | I16: -17.73177 | J16: -149.57868
A17: Coq Banvika | B17: Gallus gallus | C17: Introduit | D17: 45396 | E17: 0.25 | F17: 0.25694444 | H17: ILM_1 | I17: -17.73177 | J17: -149.57868 | K17: 2 | L17: 1 | M17: 1 | N17: 5 | O17: 1 | P17: 1
A18: Geopélie zébrée | B18: Geopelia striata | C18: Introduit | D18: 45396 | E18: 0.25 | F18: 0.25694444 | H18: ILM_1 | I18: -17.73177 | J18: -149.57868 | K18: 2 | L18: 1 | M18: 1 | N18: 5 | O18: 1 | P18: 1
A19: Martin triste | B19: Acridotheres tristis | C19: Introduit | D19: 45396 | E19: 0.25 | F19: 0.25694444 | H19: ILM_1 | I19: -17.73177 | J19: -149.57868 | K19: 2 | L19: 1 | M19: 1 | N19: 5 | O19: 1 | P19: 1
A20: Bulbul à ventre rouge | B20: Pycnonotus cafer | C20: Introduit | D20: 45396 | E20: 0.25 | F20: 0.25694444 | H20: ILM_1 | I20: -17.73177 | J20: -149.57868 | K20: 2 | L20: 1 | M20: 1 | N20: 5 | O20: 1 | P20: 1
A21: Tangara à dos rouge | B21: Ramphocelus dimidiatus | C21: Introduit | D21: 45396 | E21: 0.25 | F21: 0.25694444 | H21: ILM_1 | I21: -17.73177 | J21: -149.57868 | K21: 2 | L21: 1 | M21: 1 | N21: 5 | O21: 1 | P21: 1
A22: Coq Banvika | B22: Gallus gallus | C22: Introduit | D22: 45395 | E22: 0.25 | F22: 0.25694444 | G22: No rain | H22: ILM_2 | I22: -17.73335 | J22: -149.57899
A23: Martin triste | B23: Acridotheres tristis | C23: Introduit | D23: 45395 | E23: 0.25 | F23: 0.25694444 | G23: No rain | H23: ILM_2 | I23: -17.73335 | J23: -149.57899
A24: Geopélie zébrée | B24: Geopelia striata | C24: Introduit | D24: 45395 | E24: 0.25 | F24: 0.25694444 | G24: No rain | H24: ILM_2 | I24: -17.73335 | J24: -149.57899
A25: Bulbul à ventre rouge | B25: Pycnonotus cafer | C25: Introduit | D25: 45395 | E25: 0.25 | F25: 0.25694444 | G25: No rain | H25: ILM_2 | I25: -17.73335 | J25: -149.57899
A26: Capucin donacole | B26: Lonchura castaneothorax | C26: Introduit | D26: 45395 | E26: 0.25 | F26: 0.25694444 | G26: No rain | H26: ILM_2 | I26: -17.73335 | J26: -149.57899
A27: Diamant à cinq couleur | B27: Neochmia temporalis | C27: Introduit | D27: 45395 | E27: 0.25 | F27: 0.25694444 | G27: No rain | H27: ILM_2 | I27: -17.73335 | J27: -149.57899
A28: Astrild ondulé | B28: Estrilda astrild | C28: Introduit | D28: 45395 | E28: 0.25 | F28: 0.25694444 | G28: No rain | H28: ILM_2 | I28: -17.73335 | J28: -149.57899
A29: Coq Banvika | B29: Gallus gallus | C29: Introduit | D29: 45396 | E29: 0.25 | F29: 0.25694444 | H29: ILM_2 | I29: -17.73335 | J29: -149.57899 | K29: 5 | L29: 1 | M29: 1 | N29: 4 | O29: 2 | P29: 5
A30: Martin triste | B30: Acridotheres tristis | C30: Introduit | D30: 45396 | E30: 0.25 | F30: 0.25694444 | H30: ILM_2 | I30: -17.73335 | J30: -149.57899 | K30: 5 | L30: 1 | M30: 1 | N30: 4 | O30: 2 | P30: 5
A31: Geopélie zébrée | B31: Geopelia striata | C31: Introduit | D31: 45396 | E31: 0.25 | F31: 0.25694444 | H31: ILM_2 | I31: -17.73335 | J31: -149.57899 | K31: 5 | L31: 1 | M31: 1 | N31: 4 | O31: 2 | P31: 5
A32: Bulbul à ventre rouge | B32: Pycnonotus cafer | C32: Introduit | D32: 45396 | E32: 0.25 | F32: 0.25694444 | H32: ILM_2 | I32: -17.73335 | J32: -149.57899 | K32: 5 | L32: 1 | M32: 1 | N32: 4 | O32: 2 | P32: 5
A33: Capucin donacole | B33: Lonchura castaneothorax | C33: Introduit | D33: 45396 | E33: 0.25 | F33: 0.25694444 | H33: ILM_2 | I33: -17.73335 | J33: -149.57899 | K33: 5 | L33: 1 | M33: 1 | N33: 4 | O33: 2 | P33: 5
A34: Zosterops à dos gris | B34: Zosterops lateralis | C34: Introduit | D34: 45396 | E34: 0.25 | F34: 0.25694444 | H34: ILM_2 | I34: -17.73335 | J34: -149.57899 | K34: 5 | L34: 1 | M34: 1 | N34: 4 | O34: 2 | P34: 5
A35: Coq Banvika | B35: Gallus gallus | C35: Introduit | D35: 45395 | E35: 0.25 | F35: 0.25694444 | G35: No rain | H35: ILM_3 | I35: -17.73234 | J35: -149.57782
A36: Bulbul à ventre rouge | B36: Pycnonotus cafer | C36: Introduit | D36: 45395 | E36: 0.25 | F36: 0.25694444 | G36: No rain | H36: ILM_3 | I36: -17.73234 | J36: -149.57782
A37: Martin triste | B37: Acridotheres tristis | C37: Introduit | D37: 45395 | E37: 0.25 | F37: 0.25694444 | G37: No rain | H37: ILM_3 | I37: -17.73234 | J37: -149.57782
A38: Capucin donacole | B38: Lonchura castaneothorax | C38: Introduit | D38: 45395 | E38: 0.25 | F38: 0.25694444 | G38: No rain | H38: ILM_3 | I38: -17.73234 | J38: -149.57782
A39: Geopélie zébrée | B39: Geopelia striata | C39: Introduit | D39: 45395 | E39: 0.25 | F39: 0.25694444 | G39: No rain | H39: ILM_3 | I39: -17.73234 | J39: -149.57782
A40: Bulbul à ventre rouge | B40: Pycnonotus cafer | C40: Introduit | D40: 45396 | E40: 0.25 | F40: 0.25694444 | H40: ILM_3 | I40: -17.73234 | J40: -149.57782 | K40: 3 | L40: 1 | M40: 1 | N40: 5 | O40: 4 | P40: 1
A41: Martin triste | B41: Acridotheres tristis | C41: Introduit | D41: 45396 | E41: 0.25 | F41: 0.25694444 | H41: ILM_3 | I41: -17.73234 | J41: -149.57782 | K41: 3 | L41: 1 | M41: 1 | N41: 5 | O41: 4 | P41: 1
A42: Capucin donacole | B42: Lonchura castaneothorax | C42: Introduit | D42: 45396 | E42: 0.25 | F42: 0.25694444 | H42: ILM_3 | I42: -17.73234 | J42: -149.57782 | K42: 3 | L42: 1 | M42: 1 | N42: 5 | O42: 4 | P42: 1
A43: Coq Banvika | B43: Gallus gallus | C43: Introduit | D43: 45396 | E43: 0.25 | F43: 0.25694444 | H43: ILM_3 | I43: -17.73234 | J43: -149.57782 | K43: 3 | L43: 1 | M43: 1 | N43: 5 | O43: 4 | P43: 1
A44: Geopélie zébrée | B44: Geopelia striata | C44: Introduit | D44: 45396 | E44: 0.25 | F44: 0.25694444 | H44: ILM_3 | I44: -17.73234 | J44: -149.57782 | K44: 3 | L44: 1 | M44: 1 | N44: 5 | O44: 4 | P44: 1
A45: Zosterops à dos gris | B45: Zosterops lateralis | C45: Introduit | D45: 45396 | E45: 0.25 | F45: 0.25694444 | H45: ILM_3 | I45: -17.73234 | J45: -149.57782 | K45: 3 | L45: 1 | M45: 1 | N45: 5 | O45: 4 | P45: 1
A46: Geopélie zébrée | B46: Geopelia striata | C46: Introduit | D46: 45380 | E46: 0.25 | F46: 0.25694444 | H46: Jardin_Eau_1 | I46: -17.76020 | J46: -149.38919
A47: Coq Banvika | B47: Gallus gallus | C47: Introduit | D47: 45380 | E47: 0.25 | F47: 0.25694444 | H47: Jardin_Eau_1 | I47: -17.76020 | J47: -149.38919
A48: Martin triste | B48: Acridotheres tristis | C48: Introduit | D48: 45380 | E48: 0.25 | F48: 0.25694444 | H48: Jardin_Eau_1 | I48: -17.76020 | J48: -149.38919
A49: Ptilope de la Société | B49: Ptilinopus purpuratus | C49: Natif | D49: 45380 | E49: 0.25 | F49: 0.25694444 | H49: Jardin_Eau_1 | I49: -17.76020 | J49: -149.38919
A50: Capucin donacole | B50: Lonchura castaneothorax | C50: Introduit | D50: 45380 | E50: 0.25 | F50: 0.25694444 | H50: Jardin_Eau_1 | I50: -17.76020 | J50: -149.38919
A51: Diamant à cinq couleur | B51: Neochmia temporalis | C51: Introduit | D51: 45380 | E51: 0.25 | F51: 0.25694444 | H51: Jardin_Eau_1 | I51: -17.76020 | J51: -149.38919
A52: Coq Banvika | B52: Gallus gallus | C52: Introduit | D52: 45381 | E52: 0.25 | F52: 0.25694444 | H52: Jardin_Eau_1 | I52: -17.76020 | J52: -149.38919 | K52: 3 | L52: 1 | M52: 1 | N52: 3 | O52: 4 | P52: 1
A53: Geopélie zébrée | B53: Geopelia striata | C53: Introduit | D53: 45381 | E53: 0.25 | F53: 0.25694444 | H53: Jardin_Eau_1 | I53: -17.76020 | J53: -149.38919 | K53: 3 | L53: 1 | M53: 1 | N53: 3 | O53: 4 | P53: 1
A54: Martin triste | B54: Acridotheres tristis | C54: Introduit | D54: 45381 | E54: 0.25 | F54: 0.25694444 | H54: Jardin_Eau_1 | I54: -17.76020 | J54: -149.38919 | K54: 3 | L54: 1 | M54: 1 | N54: 3 | O54: 4 | P54: 1
A55: Bulbul à ventre rouge | B55: Pycnonotus cafer | C55: Introduit | D55: 45381 | E55: 0.25 | F55: 0.25694444 | H55: Jardin_Eau_1 | I55: -17.76020 | J55: -149.38919 | K55: 3 | L55: 1 | M55: 1 | N55: 3 | O55: 4 | P55: 1
A56: Ptilope de la Société | B56: Ptilinopus purpuratus | C56: Natif | D56: 45381 | E56: 0.25 | F56: 0.25694444 | H56: Jardin_Eau_1 | I56: -17.76020 | J56: -149.38919 | K56: 3 | L56: 1 | M56: 1 | N56: 3 | O56: 4 | P56: 1
A57: Geopélie zébrée | B57: Geopelia striata | C57: Introduit | D57: 45380 | E57: 0.24930556 | F57: 0.25625 | H57: Jardin_Eau_2 | I57: -17.75749 | J57: -149.39176
A58: Zosterops à dos gris | B58: Zosterops lateralis | C58: Introduit | D58: 45380 | E58: 0.24930556 | F58: 0.25625 | G58: Continuous througout the audio | H58: Jardin_Eau_2 | I58: -17.75749 | J58: -149.39176
A59: Capucin donacole | B59: Lonchura castaneothorax | C59: Introduit | D59: 45380 | E59: 0.24930556 | F59: 0.25625 | H59: Jardin_Eau_2 | I59: -17.75749 | J59: -149.39176
A60: Bulbul à ventre rouge | B60: Pycnonotus cafer | C60: Introduit | D60: 45380 | E60: 0.24930556 | F60: 0.25625 | H60: Jardin_Eau_2 | I60: -17.75749 | J60: -149.39176
A61: Martin-Chasseur vénéré | B61: Todiramphus veneratus | C61: Natif | D61: 45380 | E61: 0.24930556 | F61: 0.25625 | G61: Nice song 2 times | H61: Jardin_Eau_2 | I61: -17.75749 | J61: -149.39176
A62: Diamant à cinq couleur | B62: Neochmia temporalis | C62: Introduit | D62: 45380 | E62: 0.24930556 | F62: 0.25625 | H62: Jardin_Eau_2 | I62: -17.75749 | J62: -149.39176
A63: Geopélie zébrée | B63: Geopelia striata | C63: Introduit | D63: 45381 | E63: 0.24930556 | F63: 0.25625 | H63: Jardin_Eau_2 | I63: -17.75749 | J63: -149.39176 | K63: 1 | L63: 2 | M63: 1 | N63: 4 | O63: 1 | P63: 1
A64: Zosterops à dos gris | B64: Zosterops lateralis | C64: Introduit | D64: 45381 | E64: 0.24930556 | F64: 0.25625 | H64: Jardin_Eau_2 | I64: -17.75749 | J64: -149.39176 | K64: 1 | L64: 2 | M64: 1 | N64: 4 | O64: 1 | P64: 1
A65: Martin-Chasseur vénéré | B65: Todiramphus veneratus | C65: Natif | D65: 45381 | E65: 0.24930556 | F65: 0.25625 | H65: Jardin_Eau_2 | I65: -17.75749 | J65: -149.39176 | K65: 1 | L65: 2 | M65: 1 | N65: 4 | O65: 1 | P65: 1
A66: Capucin donacole | B66: Lonchura castaneothorax | C66: Introduit | D66: 45381 | E66: 0.24930556 | F66: 0.25625 | H66: Jardin_Eau_2 | I66: -17.75749 | J66: -149.39176 | K66: 1 | L66: 2 | M66: 1 | N66: 4 | O66: 1 | P66: 1
A67: Coq Banvika | B67: Gallus gallus | C67: Introduit | D67: 45381 | E67: 0.24930556 | F67: 0.25625 | H67: Jardin_Eau_2 | I67: -17.75749 | J67: -149.39176 | K67: 1 | L67: 2 | M67: 1 | N67: 4 | O67: 1 | P67: 1
A68: Pigeon biset | B68: Columba livia | C68: Introduit | D68: 45381 | E68: 0.24930556 | F68: 0.25625 | H68: Jardin_Eau_2 | I68: -17.75749 | J68: -149.39176 | K68: 1 | L68: 2 | M68: 1 | N68: 4 | O68: 1 | P68: 1
A69: Diamant à cinq couleur | B69: Neochmia temporalis | C69: Introduit | D69: 45381 | E69: 0.24930556 | F69: 0.25625 | H69: Jardin_Eau_2 | I69: -17.75749 | J69: -149.39176 | K69: 1 | L69: 2 | M69: 1 | N69: 4 | O69: 1 | P69: 1
A70: Bulbul à ventre rouge | B70: Pycnonotus cafer | C70: Introduit | D70: 45381 | E70: 0.24930556 | F70: 0.25625 | H70: Jardin_Eau_2 | I70: -17.75749 | J70: -149.39176 | K70: 1 | L70: 2 | M70: 1 | N70: 4 | O70: 1 | P70: 1
A71: Geopélie zébrée | B71: Geopelia striata | C71: Introduit | D71: 45380 | E71: 0.25 | F71: 0.25694444 | H71: Jardin_Eau_3 | I71: -17.75383 | J71: -149.39297
A72: Zosterops à dos gris | B72: Zosterops lateralis | C72: Introduit | D72: 45380 | E72: 0.25 | F72: 0.25694444 | H72: Jardin_Eau_3 | I72: -17.75383 | J72: -149.39297
A73: Bulbul à ventre rouge | B73: Pycnonotus cafer | C73: Introduit | D73: 45380 | E73: 0.25 | F73: 0.25694444 | H73: Jardin_Eau_3 | I73: -17.75383 | J73: -149.39297
A74: Capucin donacole | B74: Lonchura castaneothorax | C74: Introduit | D74: 45380 | E74: 0.25 | F74: 0.25694444 | H74: Jardin_Eau_3 | I74: -17.75383 | J74: -149.39297
A75: Geopélie zébrée | B75: Geopelia striata | C75: Introduit | D75: 45381 | E75: 0.25 | F75: 0.25694444 | H75: Jardin_Eau_3 | I75: -17.75383 | J75: -149.39297 | K75: 1 | L75: 1 | M75: 1 | N75: 3 | O75: 1 | P75: 1
A76: Zosterops à dos gris | B76: Zosterops lateralis | C76: Introduit | D76: 45381 | E76: 0.25 | F76: 0.25694444 | H76: Jardin_Eau_3 | I76: -17.75383 | J76: -149.39297 | K76: 1 | L76: 1 | M76: 1 | N76: 3 | O76: 1 | P76: 1
A77: Bulbul à ventre rouge | B77: Pycnonotus cafer | C77: Introduit | D77: 45381 | E77: 0.25 | F77: 0.25694444 | H77: Jardin_Eau_3 | I77: -17.75383 | J77: -149.39297 | K77: 1 | L77: 1 | M77: 1 | N77: 3 | O77: 1 | P77: 1
A78: Martin triste | B78: Acridotheres tristis | C78: Introduit | D78: 45381 | E78: 0.25 | F78: 0.25694444 | H78: Jardin_Eau_3 | I78: -17.75383 | J78: -149.39297 | K78: 1 | L78: 1 | M78: 1 | N78: 3 | O78: 1 | P78: 1
A79: Geopélie zébrée | B79: Geopelia striata | C79: Introduit | D79: 45380 | E79: 0.25 | F79: 0.25694444 | H79: Jardin_Eau_4 | I79: -17.74614 | J79: -149.39308 | K79: 1 | L79: 1 | M79: 1 | N79: 1
A80: Bulbul à ventre rouge | B80: Pycnonotus cafer | C80: Introduit | D80: 45380 | E80: 0.25 | F80: 0.25694444 | H80: Jardin_Eau_4 | I80: -17.74614 | J80: -149.39308 | K80: 1 | L80: 1 | M80: 1 | N80: 1
A81: Zosterops à dos gris | B81: Zosterops lateralis | C81: Introduit | D81: 45380 | E81: 0.25 | F81: 0.25694444 | H81: Jardin_Eau_4 | I81: -17.74614 | J81: -149.39308 | K81: 1 | L81: 1 | M81: 1 | N81: 1
A82: Diamant à cinq couleur | B82: Neochmia temporalis | C82: Introduit | D82: 45380 | E82: 0.25 | F82: 0.25694444 | H82: Jardin_Eau_4 | I82: -17.74614 | J82: -149.39308 | K82: 1 | L82: 1 | M82: 1 | N82: 1
A83: Capucin donacole | B83: Lonchura castaneothorax | C83: Introduit | D83: 45381 | E83: 0.26111111 | F83: 0.26805556 | H83: Jardin_Eau_4 | I83: -17.74614 | J83: -149.39308 | K83: 1 | L83: 3 | M83: 1 | N83: 3 | O83: 1 | P83: 3
A84: Zosterops à dos gris | B84: Zosterops lateralis | C84: Introduit | D84: 45381 | E84: 0.26111111 | F84: 0.26805556 | H84: Jardin_Eau_4 | I84: -17.74614 | J84: -149.39308 | K84: 1 | L84: 3 | M84: 1 | N84: 3 | O84: 1 | P84: 3
A85: Geopélie zébrée | B85: Geopelia striata | C85: Introduit | D85: 45381 | E85: 0.26111111 | F85: 0.26805556 | H85: Jardin_Eau_4 | I85: -17.74614 | J85: -149.39308 | K85: 1 | L85: 3 | M85: 1 | N85: 3 | O85: 1 | P85: 3
A86: Bulbul à ventre rouge | B86: Pycnonotus cafer | C86: Introduit | D86: 45381 | E86: 0.26111111 | F86: 0.26805556 | H86: Jardin_Eau_4 | I86: -17.74614 | J86: -149.39308 | K86: 1 | L86: 3 | M86: 1 | N86: 3 | O86: 1 | P86: 3
A87: Martin-Chasseur vénéré | B87: Todiramphus veneratus | C87: Natif | D87: 45381 | E87: 0.26111111 | F87: 0.26805556 | H87: Jardin_Eau_4 | I87: -17.74614 | J87: -149.39308 | K87: 1 | L87: 3 | M87: 1 | N87: 3 | O87: 1 | P87: 3
A88: Diamant à cinq couleur | B88: Neochmia temporalis | C88: Introduit | D88: 45381 | E88: 0.26111111 | F88: 0.26805556 | H88: Jardin_Eau_4 | I88: -17.74614 | J88: -149.39308 | K88: 1 | L88: 3 | M88: 1 | N88: 3 | O88: 1 | P88: 3
A89: Bulbul à ventre rouge | B89: Pycnonotus cafer | C89: Introduit | D89: 45380 | E89: 0.25 | F89: 0.25694444 | G89: Really calm (nothing) for a 6am | H89: Jardin_Eau_5 | I89: -17.74614 | J89: -149.39308 | K89: 1 | L89: 1 | M89: 1 | N89: 1
A90: Capucin donacole | B90: Lonchura castaneothorax | C90: Introduit | D90: 45380 | E90: 0.25 | F90: 0.25694444 | H90: Jardin_Eau_5 | I90: -17.74614 | J90: -149.39308 | K90: 1 | L90: 1 | M90: 1 | N90: 1 | O90: 1
A91: Coq Banvika | B91: Gallus gallus | C91: Introduit | D91: 45381 | E91: 0.25625 | F91: 0.26319444 | H91: Jardin_Eau_5 | I91: -17.74614 | J91: -149.39308 | K91: 1 | L91: 5 | M91: 1 | N91: 3 | O91: 1 | P91: 2
A92: Bulbul à ventre rouge | B92: Pycnonotus cafer | C92: Introduit | D92: 45381 | E92: 0.25625 | F92: 0.26319444 | H92: Jardin_Eau_5 | I92: -17.74614 | J92: -149.39308 | K92: 1 | L92: 5 | M92: 1 | N92: 3 | O92: 1 | P92: 2
A93: Zosterops à dos gris | B93: Zosterops lateralis | C93: Introduit | D93: 45381 | E93: 0.25625 | F93: 0.26319444 | H93: Jardin_Eau_5 | I93: -17.74614 | J93: -149.39308 | K93: 1 | L93: 5 | M93: 1 | N93: 3 | O93: 1 | P93: 2
A94: Capucin donacole | B94: Lonchura castaneothorax | C94: Introduit | D94: 45381 | E94: 0.25625 | F94: 0.26319444 | H94: Jardin_Eau_5 | I94: -17.74614 | J94: -149.39308 | K94: 1 | L94: 5 | M94: 1 | N94: 3 | O94: 1 | P94: 2
A95: Geopélie zébrée | B95: Geopelia striata | C95: Introduit | D95: 45381 | E95: 0.25625 | F95: 0.26319444 | H95: Jardin_Eau_5 | I95: -17.74614 | J95: -149.39308 | K95: 1 | L95: 5 | M95: 1 | N95: 3 | O95: 1 | P95: 2
A96: Coq Banvika | B96: Gallus gallus | C96: Introduit | D96: 45393 | E96: 0.25 | F96: 0.25694444 | H96: Marae_1 | I96: -17.69697 | J96: -149.58110 | K96: 1 | L96: 1 | M96: 1 | N96: 5 | O96: 4
A97: Geopélie zébrée | B97: Geopelia striata | C97: Introduit | D97: 45393 | E97: 0.25 | F97: 0.25694444 | H97: Marae_1 | I97: -17.69697 | J97: -149.58110 | K97: 1 | L97: 1 | M97: 1 | N97: 5 | O97: 4
A98: Martin triste | B98: Acridotheres tristis | C98: Introduit | D98: 45393 | E98: 0.25 | F98: 0.25694444 | H98: Marae_1 | I98: -17.69697 | J98: -149.58110 | K98: 1 | L98: 1 | M98: 1 | N98: 5 | O98: 4
A99: Zosterops à dos gris | B99: Zosterops lateralis | C99: Introduit | D99: 45393 | E99: 0.25 | F99: 0.25694444 | H99: Marae_1 | I99: -17.69697 | J99: -149.58110 | K99: 1 | L99: 1 | M99: 1 | N99: 5 | O99: 4
A100: Bulbul à ventre rouge | B100: Pycnonotus cafer | C100: Introduit | D100: 45393 | E100: 0.25 | F100: 0.25694444 | H100: Marae_1 | I100: -17.69697 | J100: -149.58110 | K100: 1 | L100: 1 | M100: 1 | N100: 5 | O100: 4
...

Sheet Feuil2
A1: NAME_SPECIES | B1: LATIN_SPECIES | C1: STATUS | D1: ENR | I1: ENR | J1: NAT | K1: INT | N1: 1_ID | O1: 9_Description_habita
A2: Nom espèce | B2: Nom scientifique | C2: Status | D2: Enregistreur | I2: Enregistreur | J2: Natif | K2: Introduit | N2: PI_Embouchure_1 | O2: 10% pelouse, 50% arbre, 40% arbustes,5% construction anthropique | Q2: For Azimut :
A3: Bulbul à ventre rouge | B3: Pycnonotus cafer | C3: Introduit | D3: Ifremer_1 | I3: Ifremer_1 | J3: =COUNTIF(C3:C7,"Natif") -> 0 | K3: =COUNTIF(C3:C7,"Introduit") -> 5 | N3: PI_Embouchure_2 | O3: 50% herbacés, 50% arbustes, 50% arbres | Q3: Tahiti Nui | R3: -17.6333308 | S3: -149.4499982
A4: Capucin donacole | B4: Lonchura castaneothorax | C4: Introduit | D4: Ifremer_1 | I4: ILM_1 | J4: =COUNTIF(C8:C14,"Natif") -> 0 | K4: =COUNTIF(C8:C14,"Introduit") -> 7 | N4: PI_Embouchure_3 | O4: 40% herbacés, 50% arbustes, 60% arbres | Q4: Tahiti Iti | R4: -17.808003 | S4: -149.209419
A5: Coq Banvika | B5: Gallus gallus | C5: Introduit | D5: Ifremer_1 | I5: ILM_2 | J5: =COUNTIF(C15:C22,"Natif") -> 0 | K5: =COUNTIF(C15:C22,"Introduit") -> 8 | N5: PI_Embouchure_4 | O5: 40% herbacés, 60% arbustes,70% arbred
A6: Geopélie zébrée | B6: Geopelia striata | C6: Introduit | D6: Ifremer_1 | I6: ILM_3 | J6: =COUNTIF(C23:C28,"Natif") -> 0 | K6: =COUNTIF(C23:C28,"Introduit") -> 6 | N6: PI_Belvedere_2 | O6: 50% strateherbacés haute, 60% arbustes, 40% arbres
A7: Martin triste | B7: Acridotheres tristis | C7: Introduit | D7: Ifremer_1 | I7: Jardin_Eau_1 | J7: =COUNTIF(C29:C35,"Natif") -> 1 | K7: =COUNTIF(C29:C35,"Introduit") -> 6 | N7: PI_Belvedere_1 | O7: 60% haute herbacées haute, 40% arbuste, 20% arbres
A8: Bulbul à ventre rouge | B8: Pycnonotus cafer | C8: Introduit | D8: ILM_1 | I8: Jardin_Eau_2 | J8: =COUNTIF(C36:C43,"Natif") -> 1 | K8: =COUNTIF(C36:C43,"Introduit") -> 7 | N8: PI_Belvedere_3 | O8: 60% herbacé, 60% arbustes, 60% arbres
A9: Coq Banvika | B9: Gallus gallus | C9: Introduit | D9: ILM_1 | I9: Jardin_Eau_3 | J9: =COUNTIF(C44:C48,"Natif") -> 0 | K9: =COUNTIF(C44:C48,"Introduit") -> 5 | N9: PI_Belvedere_4 | O9: 30% chemin terre/gravier, 70% herbacés, 40% arbustes, 15% arbres
A10: Diamant à cinq couleur | B10: Neochmia temporalis | C10: Introduit | D10: ILM_1 | I10: Jardin_Eau_4 | J10: =COUNTIF(C49:C54,"Natif") -> 1 | K10: =COUNTIF(C49:C54,"Introduit") -> 5 | N10: PI_Belvedere_5 | O10: Prairies maj
A11: Geopélie zébrée | B11: Geopelia striata | C11: Introduit | D11: ILM_1 | I11: Jardin_Eau_5 | J11: =COUNTIF(C55:C59,"Natif") -> 0 | K11: =COUNTIF(C55:C59,"Introduit") -> 5 | N11: PI_Belvedere_6 | O11: Prairie / paturage
A12: Martin triste | B12: Acridotheres tristis | C12: Introduit | D12: ILM_1 | I12: Marae_1 | J12: =COUNTIF(C60:C66,"Natif") -> 0 | K12: =COUNTIF(C60:C66,"Introduit") -> 7 | N12: PI_Belvedere_7 | O12: Prairie / paturage
A13: Pigeon biset | B13: Columba livia | C13: Introduit | D13: ILM_1 | I13: Marae_2 | J13: =COUNTIF(C67:C75,"Natif") -> 2 | K13: =COUNTIF(C67:C75,"Introduit") -> 7 | N13: PI_Belvedere_8 | O13: Prairie
A14: Tangara à dos rouge | B14: Ramphocelus dimidiatus | C14: Introduit | D14: ILM_1 | I14: Marae_3 | J14: =COUNTIF(C76:C79,"Natif") -> 0 | K14: =COUNTIF(C76:C79,"Introduit") -> 4 | N14: PI_Belvedere_9 | O14: Foret / prairie
A15: Astrild ondulé | B15: Estrilda astrild | C15: Introduit | D15: ILM_2 | I15: Marae_4 | J15: =COUNTIF(C80:C85,"Natif") -> 0 | K15: =COUNTIF(C80:C85,"Introduit") -> 6 | N15: PI_Puunui_1
A16: Bulbul à ventre rouge | B16: Pycnonotus cafer | C16: Introduit | D16: ILM_2 | I16: OBelvedere_1 | J16: =COUNTIF(C86:C91,"Natif") -> 1 | K16: =COUNTIF(C86:C91,"Introduit") -> 5 | N16: PI_Puunui_2 | O16: Prairie / champ
A17: Capucin donacole | B17: Lonchura castaneothorax | C17: Introduit | D17: ILM_2 | I17: OBelvedere_2 | J17: =COUNTIF(C92:C97,"Natif") -> 1 | K17: =COUNTIF(C92:C97,"Introduit") -> 5 | N17: Ifremer_2 | O17: 40% pelouse, 30% goudron, 30%batiments
A18: Coq Banvika | B18: Gallus gallus | C18: Introduit | D18: ILM_2 | I18: OBelvedere_3 | J18: =COUNTIF(C98:C102,"Natif") -> 0 | K18: =COUNTIF(C98:C102,"Introduit") -> 5 | N18: Ifremer_1 | O18: 70% pelouse, 20% bassin, 20%construction anthropique
A19: Diamant à cinq couleur | B19: Neochmia temporalis | C19: Introduit | D19: ILM_2 | I19: OBelvedere_4 | J19: =COUNTIF(C103:C109,"Natif") -> 1 | K19: =COUNTIF(C103:C109,"Introduit") -> 6 | N19: OBelvedere_4 | O19: 80% arbres, 40%herbe, 40% arbustes, 10% anthropique
A20: Geopélie zébrée | B20: Geopelia striata | C20: Introduit | D20: ILM_2 | I20: OBelvedere_5 | J20: =COUNTIF(C110:C115,"Natif") -> 1 | K20: =COUNTIF(C110:C115,"Introduit") -> 5 | N20: OBelvedere_3 | O20: 90% arbre, 50% arbuste,5% terre,40% herbe
A21: Martin triste | B21: Acridotheres tristis | C21: Introduit | D21: ILM_2 | I21: OBelvedere_6 | J21: =COUNTIF(C116:C125,"Natif") -> 2 | K21: =COUNTIF(C116:C125,"Introduit") -> 8 | N21: OBelvedere_2 | O21: 90% arbres, 5% terre, 40% herbe, 30% arbustes
A22: Zosterops à dos gris | B22: Zosterops lateralis | C22: Introduit | D22: ILM_2 | I22: OBelvedere_6.5 | J22: =COUNTIF(C126:C131,"Natif") -> 2 | K22: =COUNTIF(C126:C131,"Introduit") -> 4 | N22: OBelvedere_1 | O22: 20% arbre, 40% arbuste, 70% fougeres, 5% terre
A23: Bulbul à ventre rouge | B23: Pycnonotus cafer | C23: Introduit | D23: ILM_3 | I23: OBelvedere_7 | J23: =COUNTIF(C132:C136,"Natif") -> 0 | K23: =COUNTIF(C132:C136,"Introduit") -> 5 | N23: OBelvedere_5 | O23: 80%arbre, 60% arbustes, 5% route, 50% herbe
A24: Capucin donacole | B24: Lonchura castaneothorax | C24: Introduit | D24: ILM_3 | I24: OBelvedere_7.5 | J24: =COUNTIF(C137:C142,"Natif") -> 0 | K24: =COUNTIF(C137:C142,"Introduit") -> 6 | N24: OBelvedere_6 | O24: 90% arbre, 5% route, 30% arbuste, 40% herbacées
A25: Coq Banvika | B25: Gallus gallus | C25: Introduit | D25: ILM_3 | I25: OBelvedere_8 | J25: =COUNTIF(C143:C149,"Natif") -> 0 | K25: =COUNTIF(C143:C149,"Introduit") -> 7 | N25: OBelvedere_7 | O25: 90% arbre, 5%route, 30% arbuste, 30%herbacee
A26: Geopélie zébrée | B26: Geopelia striata | C26: Introduit | D26: ILM_3 | I26: OBelvedere_9 | J26: =COUNTIF(C150:C156,"Natif") -> 0 | K26: =COUNTIF(C150:C156,"Introduit") -> 7 | N26: OBelvedere_8 | O26: 40% arbre, 50% anthropique,10% terre, 20% arbustes
A27: Martin triste | B27: Acridotheres tristis | C27: Introduit | D27: ILM_3 | I27: Papeete_2 | J27: =COUNTIF(C157:C162,"Natif") -> 0 | K27: =COUNTIF(C157:C162,"Introduit") -> 6 | N27: OBelvedere_9 | O27: 50% arbres, 50% maisons/anthropique, 10% terre, 10% arbustes
A28: Zosterops à dos gris | B28: Zosterops lateralis | C28: Introduit | D28: ILM_3 | I28: Papeete_3 | J28: =COUNTIF(C163:C169,"Natif") -> 0 | K28: =COUNTIF(C163:C169,"Introduit") -> 7 | N28: Jardin_Eau_2 | O28: 90% arbre, 20% arbustes, 70% herbacées
A29: Bulbul à ventre rouge | B29: Pycnonotus cafer | C29: Introduit | D29: Jardin_Eau_1 | I29: Papeete_4 | J29: =COUNTIF(C170:C174,"Natif") -> 0 | K29: =COUNTIF(C170:C174,"Introduit") -> 5 | N29: Jardin_Eau_3 | O29: 90% arbre, 10% terre,60% arbuste, 20% herbacees
A30: Capucin donacole | B30: Lonchura castaneothorax | C30: Introduit | D30: Jardin_Eau_1 | I30: Papeete_5 | J30: =COUNTIF(C175:C179,"Natif") -> 0 | K30: =COUNTIF(C175:C179,"Introduit") -> 5 | N30: Jardin_Eau_4 | O30: 80% arbre, 60% arbustes,70% herbacées
A31: Coq Banvika | B31: Gallus gallus | C31: Introduit | D31: Jardin_Eau_1 | I31: PI_Belvedere_1 | J31: =COUNTIF(C180:C183,"Natif") -> 0 | K31: =COUNTIF(C180:C183,"Introduit") -> 4 | N31: Jardin_Eau_5 | O31: 90% arbre, 70% arbustes, 30%herbacées
A32: Diamant à cinq couleur | B32: Neochmia temporalis | C32: Introduit | D32: Jardin_Eau_1 | I32: PI_Belvedere_2 | J32: =COUNTIF(C184:C189,"Natif") -> 1 | K32: =COUNTIF(C184:C189,"Introduit") -> 5 | N32: Jardin_Eau_1 | O32: 60% herbacées, 20% anthropique, 50% arbre, 30% arbustes
A33: Geopélie zébrée | B33: Geopelia striata | C33: Introduit | D33: Jardin_Eau_1 | I33: PI_Belvedere_3 | J33: =COUNTIF(C190:C194,"Natif") -> 1 | K33: =COUNTIF(C190:C194,"Introduit") -> 4 | N33: Marae_1 | O33: 90% anthropique, 10% arbustes, 10% herbe
A34: Martin triste | B34: Acridotheres tristis | C34: Introduit | D34: Jardin_Eau_1 | I34: PI_Belvedere_4 | J34: =COUNTIF(C195:C203,"Natif") -> 2 | K34: =COUNTIF(C195:C203,"Introduit") -> 7 | N34: Marae_2 | O34: 20% arbuste, 40% arbre,70% herbe, +rochers
A35: Ptilope de la Société | B35: Ptilinopus purpuratus | C35: Natif | D35: Jardin_Eau_1 | I35: PI_Belvedere_5 | J35: =COUNTIF(C204:C212,"Natif") -> 2 | K35: =COUNTIF(C204:C212,"Introduit") -> 7 | N35: Marae_3 | O35: 90% arbre, 60% arbuste, 10% rochers
A36: Bulbul à ventre rouge | B36: Pycnonotus cafer | C36: Introduit | D36: Jardin_Eau_2 | I36: PI_Belvedere_6 | J36: =COUNTIF(C213:C220,"Natif") -> 2 | K36: =COUNTIF(C213:C220,"Introduit") -> 6 | N36: Marae_4 | O36: 90% arbre, 40% arbustes, 40%herbacee
A37: Capucin donacole | B37: Lonchura castaneothorax | C37: Introduit | D37: Jardin_Eau_2 | I37: PI_Belvedere_7 | J37: =COUNTIF(C221:C230,"Natif") -> 1 | K37: =COUNTIF(C221:C230,"Introduit") -> 9 | N37: Punavai_6 | O37: 40% arbustes, 30% herbe, 70% anthropique
A38: Coq Banvika | B38: Gallus gallus | C38: Introduit | D38: Jardin_Eau_2 | I38: PI_Belvedere_8 | J38: =COUNTIF(C231:C239,"Natif") -> 2 | K38: =COUNTIF(C231:C239,"Introduit") -> 7 | N38: Punavai_5 | O38: 40% arbuste, 40% herbe,20% anthropique
A39: Diamant à cinq couleur | B39: Neochmia temporalis | C39: Introduit | D39: Jardin_Eau_2 | I39: PI_Belvedere_9 | J39: =COUNTIF(C240:C247,"Natif") -> 1 | K39: =COUNTIF(C240:C247,"Introduit") -> 7 | N39: Punavai_4 | O39: 70% anthropique, 10% arbustes, 30% herbe
A40: Geopélie zébrée | B40: Geopelia striata | C40: Introduit | D40: Jardin_Eau_2 | I40: PI_Embouchure_1 | J40: =COUNTIF(C248:C253,"Natif") -> 0 | K40: =COUNTIF(C248:C253,"Introduit") -> 6 | N40: Punavai_3 | O40: 80% herbe,20% anthropiqeu, 10% arbustes
A41: Martin-Chasseur vénéré | B41: Todiramphus veneratus | C41: Natif | D41: Jardin_Eau_2 | I41: PI_Embouchure_2 | J41: =COUNTIF(C254:C259,"Natif") -> 1 | K41: =COUNTIF(C254:C259,"Introduit") -> 5 | N41: Punavai_2 | O41: 30% arbre, 10% arbuste, 10%herbe, 20% terre,40% anthropique
A42: Pigeon biset | B42: Columba livia | C42: Introduit | D42: Jardin_Eau_2 | I42: PI_Embouchure_3 | J42: =COUNTIF(C260:C262,"Natif") -> 0 | K42: =COUNTIF(C260:C262,"Introduit") -> 3 | N42: Punavai_1 | O42: 30% arbuste,90% anthropique, 10% herbe
A43: Zosterops à dos gris | B43: Zosterops lateralis | C43: Introduit | D43: Jardin_Eau_2 | I43: PI_Puunui_1 | J43: =COUNTIF(C263:C270,"Natif") -> 1 | K43: =COUNTIF(C263:C270,"Introduit") -> 7 | N43: ILM_3 | O43: 80% herbe, 20% anthropique, 10% arbuste
A44: Bulbul à ventre rouge | B44: Pycnonotus cafer | C44: Introduit | D44: Jardin_Eau_3 | I44: PI_Puunui_2 | J44: =COUNTIF(C271:C279,"Natif") -> 1 | K44: =COUNTIF(C271:C279,"Introduit") -> 8 | N44: ILM_2 | O44: 80% herbe,20% anthropique, 10% arbre, 5% sable et plage
A45: Capucin donacole | B45: Lonchura castaneothorax | C45: Introduit | D45: Jardin_Eau_3 | I45: Punaauia_Tefautea | J45: =COUNTIF(C280:C285,"Natif") -> 0 | K45: =COUNTIF(C280:C285,"Introduit") -> 6 | N45: ILM_1 | O45: 20% arbre, 10% arbuste, 60% herbe,40% anthropique
A46: Geopélie zébrée | B46: Geopelia striata | C46: Introduit | D46: Jardin_Eau_3 | I46: Punavai_1 | J46: =COUNTIF(C286:C292,"Natif") -> 0 | K46: =COUNTIF(C286:C292,"Introduit") -> 7 | N46: Punaauia_1 | O46: 10% arbuste, 30% herbe, 70% anthropique
A47: Martin triste | B47: Acridotheres tristis | C47: Introduit | D47: Jardin_Eau_3 | I47: Punavai_2 | J47: =COUNTIF(C293:C298,"Natif") -> 0 | K47: =COUNTIF(C293:C298,"Introduit") -> 6 | N47: OBelvedere_7.5 | O47: 90% arbre, 60% arbuste, 5% anthropique (route)
A48: Zosterops à dos gris | B48: Zosterops lateralis | C48: Introduit | D48: Jardin_Eau_3 | I48: Punavai_3 | J48: =COUNTIF(C299:C305,"Natif") -> 0 | K48: =COUNTIF(C299:C305,"Introduit") -> 7 | N48: OBelvedere_6.5 | O48: 90% arbre, 60% arbuste, 5% anthropique (route)
A49: Bulbul à ventre rouge | B49: Pycnonotus cafer | C49: Introduit | D49: Jardin_Eau_4 | I49: Punavai_4 | J49: =COUNTIF(C306:C313,"Natif") -> 1 | K49: =COUNTIF(C306:C313,"Introduit") -> 7 | N49: Papeete_4 | O49: 10% herbe, 30% arbuste, 70% anthropique
A50: Capucin donacole | B50: Lonchura castaneothorax | C50: Introduit | D50: Jardin_Eau_4 | I50: Punavai_5 | J50: =COUNTIF(C314:C321,"Natif") -> 1 | K50: =COUNTIF(C314:C321,"Introduit") -> 7 | N50: Papeete_3 | O50: 20% herbe, 10% arbre, 10% arbuste, 70% anthropique
A51: Diamant à cinq couleur | B51: Neochmia temporalis | C51: Introduit | D51: Jardin_Eau_4 | I51: Punavai_6 | J51: =COUNTIF(C322:C328,"Natif") -> 0 | K51: =COUNTIF(C322:C328,"Introduit") -> 7 | N51: Papeete_2 | O51: 20% herbe, 30% arbre, 70% anthropique
A52: Geopélie zébrée | B52: Geopelia striata | C52: Introduit | D52: Jardin_Eau_4 | I52: PI_Embouchure_4 | J52: =COUNTIF(C329:C336,"Natif") -> 0 | K52: =COUNTIF(C329:C336,"Introduit") -> 8 | N52: Papeete_1 | O52: 50%herbe, 30% arbuste,30% arbre, 40% anthropique
A53: Martin-Chasseur vénéré | B53: Todiramphus veneratus | C53: Natif | D53: Jardin_Eau_4 | I53: Ifremer_2 | J53: =COUNTIF(C337:C341,"Natif") -> 0 | K53: =COUNTIF(C337:C341,"Introduit") -> 5
A54: Zosterops à dos gris | B54: Zosterops lateralis | C54: Introduit | D54: Jardin_Eau_4
A55: Bulbul à ventre rouge | B55: Pycnonotus cafer | C55: Introduit | D55: Jardin_Eau_5
A56: Capucin donacole | B56: Lonchura castaneothorax | C56: Introduit | D56: Jardin_Eau_5
A57: Coq Banvika | B57: Gallus gallus | C57: Introduit | D57: Jardin_Eau_5
A58: Geopélie zébrée | B58: Geopelia striata | C58: Introduit | D58: Jardin_Eau_5
A59: Zosterops à dos gris | B59: Zosterops lateralis | C59: Introduit | D59: Jardin_Eau_5
A60: Bulbul à ventre rouge | B60: Pycnonotus cafer | C60: Introduit | D60: Marae_1
A61: Capucin donacole | B61: Lonchura castaneothorax | C61: Introduit | D61: Marae_1
A62: Coq Banvika | B62: Gallus gallus | C62: Introduit | D62: Marae_1
A63: Geopélie zébrée | B63: Geopelia striata | C63: Introduit | D63: Marae_1
A64: Martin triste | B64: Acridotheres tristis | C64: Introduit | D64: Marae_1
A65: Tangara à dos rouge | B65: Ramphocelus dimidiatus | C65: Introduit | D65: Marae_1
... A341: Capucin donacole | B341: Lonchura castaneothorax | C341: Introduit | D341: Ifremer_2

Sheet Soleil
A1: Colonne1 | B1: Lever_Soleil | C1: Coucher_Soleil | D1: Longueur_Jour | E1: Lever_Soleil2 | F1: Coucher_Soleil3 | G1: Longueur_Jour4 | H1: Lever_Soleil5 | I1: Coucher_Soleil6 | J1: Longueur_Jour7 | K1: Lever_Soleil8 | L1: Coucher_Soleil9 | M1: Longueur_Jour10 | N1: Lever_Soleil11 | O1: Coucher_Soleil12 | P1: Longueur_Jour13 | Q1: Lever_Soleil14 | R1: Coucher_Soleil15 | S1: Longueur_Jour16 | T1: Lever_Soleil17 | U1: Coucher_Soleil18 | V1: Longueur_Jour19 | W1: Lever_Soleil20 | X1: Coucher_Soleil21 | Y1: Longueur_Jour22 | Z1: Lever_Soleil23 | AA1: Coucher_Soleil24 | AB1: Longueur_Jour25 | AC1: Lever_Soleil26 | AD1: Coucher_Soleil27 | AE1: Longueur_Jour28 | AF1: Lever_Soleil29 | AG1: Coucher_Soleil30 | AH1: Longueur_Jour31 | AI1: Lever_Soleil32 | AJ1: Coucher_Soleil33 | AK1: Longueur_Jour34 | AL1: Lever_Soleil35 | AM1: Coucher_Soleil36 | AN1: Longueur_Jour37 | AO1: Lever_Soleil38 | AP1: Coucher_Soleil39 | AQ1: Longueur_Jour40 | AR1: Lever_Soleil41 | AS1: Coucher_Soleil42 | AT1: Longueur_Jour43 | AU1: Lever_Soleil44 | AV1: Coucher_Soleil45 | AW1: Longueur_Jour46 | AX1: Lever_Soleil47 | AY1: Coucher_Soleil48 | AZ1: Longueur_Jour49 | BA1: Lever_Soleil50 | BB1: Coucher_Soleil51 | BC1: Longueur_Jour52 | BD1: Lever_Soleil53 | BE1: Coucher_Soleil54 | BF1: Longueur_Jour55 | BG1: Lever_Soleil56 | BH1: Coucher_Soleil57 | BI1: Longueur_Jour58 | BJ1: Lever_Soleil59 | BK1: Coucher_Soleil60 | BL1: Longueur_Jour61 | BM1: Lever_Soleil62 | BN1: Coucher_Soleil63 | BO1: Longueur_Jour64 | BP1: Lever_Soleil65 | BQ1: Coucher_Soleil66 | BR1: Longueur_Jour67 | BS1: Lever_Soleil68 | BT1: Coucher_Soleil69 | BU1: Longueur_Jour70 | BV1: Lever_Soleil71 | BW1: Coucher_Soleil72 | BX1: Longueur_Jour73 | BY1: Lever_Soleil74 | BZ1: Coucher_Soleil75 | CA1: Longueur_Jour76 | CB1: Lever_Soleil77 | CC1: Coucher_Soleil78 | CD1: Longueur_Jour79 | CE1: Lever_Soleil80 | CF1: Coucher_Soleil81 | CG1: Longueur_Jour82 | CH1: Lever_Soleil83 | CI1: Coucher_Soleil84 | CJ1: Longueur_Jour85 | CK1: Lever_Soleil86 | CL1: Coucher_Soleil87 | CM1: Longueur_Jour88 | CN1: Lever_Soleil89 | CO1: Coucher_Soleil90 | CP1: Longueur_Jour91 | CQ1: Lever_Soleil92 | CR1: Coucher_Soleil93 | CS1: Longueur_Jour94 | CT1: Lever_Soleil95 | CU1: Coucher_Soleil96 | CV1: Longueur_Jour97 | CW1: Lever_Soleil98 | CX1: Coucher_Soleil99 | CY1: Longueur_Jour100 | CZ1: Lever_Soleil101 | DA1: Coucher_Soleil102 | DB1: Longueur_Jour103 | DC1: Lever_Soleil104 | DD1: Coucher_Soleil105 | DE1: Longueur_Jour106 | DF1: Lever_Soleil107 | DG1: Coucher_Soleil108 | DH1: Longueur_Jour109 | DI1: Lever_Soleil110 | DJ1: Coucher_Soleil111 | DK1: Longueur_Jour112 | DL1: Lever_Soleil113 | DM1: Coucher_Soleil114 | DN1: Longueur_Jour115 | DO1: Lever_Soleil116 | DP1: Coucher_Soleil117 | DQ1: Longueur_Jour118 | DR1: Lever_Soleil119 | DS1: Coucher_Soleil120 | DT1: Longueur_Jour121 | DU1: Lever_Soleil122 | DV1: Coucher_Soleil123 | DW1: Longueur_Jour124 | DX1: Lever_Soleil125 | DY1: Coucher_Soleil126 | DZ1: Longueur_Jour127 | EA1: Lever_Soleil128 | EB1: Coucher_Soleil129 | EC1: Longueur_Jour130 | ED1: Lever_Soleil131 | EE1: Coucher_Soleil132 | EF1: Longueur_Jour133 | EG1: Lever_Soleil134 | EH1: Coucher_Soleil135 | EI1: Longueur_Jour136 | EJ1: Lever_Soleil137 | EK1: Coucher_Soleil138 | EL1: Longueur_Jour139 | EM1: Lever_Soleil140 | EN1: Coucher_Soleil141 | EO1: Longueur_Jour142 | EP1: Lever_Soleil143 | EQ1: Coucher_Soleil144 | ER1: Longueur_Jour145
A2: Enr | B2: Ifremer_1 | C2: Ifremer_1 | D2: Ifremer_1 | E2: ILM_1 | F2: ILM_1 | G2: ILM_1 | H2: ILM_2 | I2: ILM_2 | J2: ILM_2 | K2: ILM_3 | L2: ILM_3 | M2: ILM_3 | N2: Jardin_Eau_1 | O2: Jardin_Eau_1 | P2: Jardin_Eau_1 | Q2: Jardin_Eau_2 | R2: Jardin_Eau_2 | S2: Jardin_Eau_2 | T2: Jardin_Eau_3 | U2: Jardin_Eau_3 | V2: Jardin_Eau_3 | W2: Jardin_Eau_4 | X2: Jardin_Eau_4 | Y2: Jardin_Eau_4 | Z2: Jardin_Eau_5 | AA2: Jardin_Eau_5 | AB2: Jardin_Eau_5 | AC2: Marae_1 | AD2: Marae_1 | AE2: Marae_1 | AF2: Marae_2 | AG2: Marae_2 | AH2: Marae_2 | AI2: Marae_3 | AJ2: Marae_3 | AK2: Marae_3 | AL2: Marae_4 | AM2: Marae_4 | AN2: Marae_4 | AO2: OBelvedere_1 | AP2: OBelvedere_1 | AQ2: OBelvedere_1 | AR2: OBelvedere_2 | AS2: OBelvedere_2 | AT2: OBelvedere_2 | AU2: OBelvedere_3 | AV2: OBelvedere_3 | AW2: OBelvedere_3 | AX2: OBelvedere_4 | AY2: OBelvedere_4 | AZ2: OBelvedere_4 | BA2: OBelvedere_5 | BB2: OBelvedere_5 | BC2: OBelvedere_5 | BD2: OBelvedere_6 | BE2: OBelvedere_6 | BF2: OBelvedere_6 | BG2: OBelvedere_6.5 | BH2: OBelvedere_6.5 | BI2: OBelvedere_6.5 | BJ2: OBelvedere_7 | BK2: OBelvedere_7 | BL2: OBelvedere_7 | BM2: OBelvedere_7.5 | BN2: OBelvedere_7.5 | BO2: OBelvedere_7.5 | BP2: OBelvedere_8 | BQ2: OBelvedere_8 | BR2: OBelvedere_8 | BS2: OBelvedere_9 | BT2: OBelvedere_9 | BU2: OBelvedere_9 | BV2: Papeete_2 | BW2: Papeete_2 | BX2: Papeete_2 | BY2: Papeete_3 | BZ2: Papeete_3 | CA2: Papeete_3 | CB2: Papeete_4 | CC2: Papeete_4 | CD2: Papeete_4 | CE2: Papeete_5 | CF2: Papeete_5 | CG2: Papeete_5 | CH2: PI_Belvedere_1 | CI2: PI_Belvedere_1 | CJ2: PI_Belvedere_1 | CK2: PI_Belvedere_2 | CL2: PI_Belvedere_2 | CM2: PI_Belvedere_2 | CN2: PI_Belvedere_3 | CO2: PI_Belvedere_3 | CP2: PI_Belvedere_3 | CQ2: PI_Belvedere_4 | CR2: PI_Belvedere_4 | CS2: PI_Belvedere_4 | CT2: PI_Belvedere_5 | CU2: PI_Belvedere_5 | CV2: PI_Belvedere_5 | CW2: PI_Belvedere_6 | CX2: PI_Belvedere_6 | CY2: PI_Belvedere_6 | CZ2: PI_Belvedere_7 | DA2: PI_Belvedere_7 | DB2: PI_Belvedere_7 | DC2: PI_Belvedere_8 | DD2: PI_Belvedere_8 | DE2: PI_Belvedere_8 | DF2: PI_Belvedere_9 | DG2: PI_Belvedere_9 | DH2: PI_Belvedere_9 | DI2: PI_Embouchure_1 | DJ2: PI_Embouchure_1 | DK2: PI_Embouchure_1 | DL2: PI_Embouchure_2 | DM2: PI_Embouchure_2 | DN2: PI_Embouchure_2 | DO2: PI_Embouchure_3 | DP2: PI_Embouchure_3 | DQ2: PI_Embouchure_3 | DR2: PI_Puunui_1 | DS2: PI_Puunui_1 | DT2: PI_Puunui_1 | DU2: PI_Puunui_2 | DV2: PI_Puunui_2 | DW2: PI_Puunui_2 | DX2: Punaauia_Tefautea | DY2: Punaauia_Tefautea | DZ2: Punaauia_Tefautea | EA2: Punavai_1 | EB2: Punavai_1 | EC2: Punavai_1 | ED2: Punavai_2 | EE2: Punavai_2 | EF2: Punavai_2 | EG2: Punavai_3 | EH2: Punavai_3 | EI2: Punavai_3 | EJ2: Punavai_4 | EK2: Punavai_4 | EL2: Punavai_4 | EM2: Punavai_5 | EN2: Punavai_5 | EO2: Punavai_5 | EP2: Punavai_6 | EQ2: Punavai_6 | ER2: Punavai_6
A3: Début | B3: 45349 | C3: 45349 | D3: 45349 | E3: 45394 | F3: 45394 | G3: 45394 | H3: 45394 | I3: 45394 | J3: 45394 | K3: 45394 | L3: 45394 | M3: 45394 | N3: 45379 | O3: 45379 | P3: 45379 | Q3: 45379 | R3: 45379 | S3: 45379 | T3: 45379 | U3: 45379 | V3: 45379 | W3: 45379 | X3: 45379 | Y3: 45379 | Z3: 45379 | AA3: 45379 | AB3: 45379 | AC3: 45392 | AD3: 45392 | AE3: 45392 | AF3: 45392 | AG3: 45392 | AH3: 45392 | AI3: 45392 | AJ3: 45392 | AK3: 45392 | AL3: 45392 | AM3: 45392 | AN3: 45392 | AO3: 45378 | AP3: 45378 | AQ3: 45378 | AR3: 45378 | AS3: 45378 | AT3: 45378 | AU3: 45378 | AV3: 45378 | AW3: 45378 | AX3: 45378 | AY3: 45378 | AZ3: 45378 | BA3: 45378 | BB3: 45378 | BC3: 45378 | BD3: 45378 | BE3: 45378 | BF3: 45378 | BG3: 45414 | BH3: 45414 | BI3: 45414 | BJ3: 45378 | BK3: 45378 | BL3: 45378 | BM3: 45414 | BN3: 45414 | BO3: 45414 | BP3: 45378 | BQ3: 45378 | BR3: 45378 | BS3: 45378 | BT3: 45378 | BU3: 45378 | BV3: 45414 | BW3: 45414 | BX3: 45414 | BY3: 45414 | BZ3: 45414 | CA3: 45414 | CB3: 45414 | CC3: 45414 | CD3: 45414 | CE3: 45414 | CF3: 45414 | CG3: 45414 | CH3: 45341 | CI3: 45341 | CJ3: 45341 | CK3: 45341 | CL3: 45341 | CM3: 45341 | CN3: 45341 | CO3: 45341 | CP3: 45341 | CQ3: 45341 | CR3: 45341 | CS3: 45341 | CT3: 45341 | CU3: 45341 | CV3: 45341 | CW3: 45341 | CX3: 45341 | CY3: 45341 | CZ3: 45341 | DA3: 45341 | DB3: 45341 | DC3: 45341 | DD3: 45341 | DE3: 45341 | DF3: 45341 | DG3: 45341 | DH3: 45341 | DI3: 45337 | DJ3: 45337 | DK3: 45337 | DL3: 45337 | DM3: 45337 | DN3: 45337 | DO3: 45337 | DP3: 45337 | DQ3: 45337 | DR3: 45341 | DS3: 45341 | DT3: 45341 | DU3: 45341 | DV3: 45341 | DW3: 45341 | DX3: 45414 | DY3: 45414 | DZ3: 45414 | EA3: 45392 | EB3: 45392 | EC3: 45392 | ED3: 45392 | EE3: 45392 | EF3: 45392 | EG3: 45392 | EH3: 45392 | EI3: 45392 | EJ3: 45392 | EK3: 45392 | EL3: 45392 | EM3: 45392 | EN3: 45392 | EO3: 45392 | EP3: 45392 | EQ3: 45392 | ER3: 45392
A4: Fin | B4: 45354 | C4: 45354 | D4: 45354 | E4: 45399 | F4: 45399 | G4: 45399 | H4: 45399 | I4: 45399 | J4: 45399 | K4: 45399 | L4: 45399 | M4: 45399 | N4: 45384 | O4: 45384 | P4: 45384 | Q4: 45384 | R4: 45384 | S4: 45384 | T4: 45384 | U4: 45384 | V4: 45384 | W4: 45384 | X4: 45384 | Y4: 45384 | Z4: 45384 | AA4: 45384 | AB4: 45384 | AC4: 45397 | AD4: 45397 | AE4: 45397 | AF4: 45395 | AG4: 45395 | AH4: 45395 | AI4: 45398 | AJ4: 45398 | AK4: 45398 | AL4: 45395 | AM4: 45395 | AN4: 45395 | AO4: 45383 | AP4: 45383 | AQ4: 45383 | AR4: 45382 | AS4: 45382 | AT4: 45382 | AU4: 45384 | AV4: 45384 | AW4: 45384 | AX4: 45383 | AY4: 45383 | AZ4: 45383 | BA4: 45383 | BB4: 45383 | BC4: 45383 | BD4: 45381 | BE4: 45381 | BF4: 45381 | BG4: 45418 | BH4: 45418 | BI4: 45418 | BJ4: 45383 | BK4: 45383 | BL4: 45383 | BM4: 45420 | BN4: 45420 | BO4: 45420 | BP4: 45384 | BQ4: 45384 | BR4: 45384 | BS4: 45383 | BT4: 45383 | BU4: 45383 | BV4: 45419 | BW4: 45419 | BX4: 45419 | BY4: 45419 | BZ4: 45419 | CA4: 45419 | CB4: 45419 | CC4: 45419 | CD4: 45419 | CE4: 45417 | CF4: 45417 | CG4: 45417 | CH4: 45346 | CI4: 45346 | CJ4: 45346 | CK4: 45346 | CL4: 45346 | CM4: 45346 | CN4: 45346 | CO4: 45346 | CP4: 45346 | CQ4: 45346 | CR4: 45346 | CS4: 45346 | CT4: 45346 | CU4: 45346 | CV4: 45346 | CW4: 45346 | CX4: 45346 | CY4: 45346 | CZ4: 45346 | DA4: 45346 | DB4: 45346 | DC4: 45347 | DD4: 45347 | DE4: 45347 | DF4: 45347 | DG4: 45347 | DH4: 45347 | DI4: 45342 | DJ4: 45342 | DK4: 45342 | DL4: 45342 | DM4: 45342 | DN4: 45342 | DO4: 45342 | DP4: 45342 | DQ4: 45342 | DR4: 45347 | DS4: 45347 | DT4: 45347 | DU4: 45346 | DV4: 45346 | DW4: 45346 | DX4: 45420 | DY4: 45420 | DZ4: 45420 | EA4: 45397 | EB4: 45397 | EC4: 45397 | ED4: 45393 | EE4: 45393 | EF4: 45393 | EG4: 45396 | EH4: 45396 | EI4: 45396 | EJ4: 45399 | EK4: 45399 | EL4: 45399 | EM4: 45398 | EN4: 45398 | EO4: 45398 | EP4: 45398 | EQ4: 45398 | ER4: 45398
B5: 0.24722222 | C5: 0.76527778 | D5: 0.51805556 | E5: 0.25486111 | F5: 0.74236111 | G5: 0.48680556 | H5: 0.25486111 | I5: 0.74236111 | J5: 0.48680556 | K5: 0.25486111 | L5: 0.74236111 | M5: 0.48680556 | N5: 0.25277778 | O5: 0.75 | P5: 0.49722222 | Q5: 0.25277778 | R5: 0.75 | S5: 0.49722222 | T5: 0.25277778 | U5: 0.75 | V5: 0.49722222 | W5: 0.25277778 | X5: 0.75 | Y5: 0.49722222 | Z5: 0.25277778 | AA5: 0.75 | AB5: 0.49722222 | AC5: 0.25486111 | AD5: 0.74375 | AE5: 0.48819444 | AF5: 0.25486111 | AG5: 0.74375 | AH5: 0.48819444 | AI5: 0.25486111 | AJ5: 0.74375 | AK5: 0.48819444 | AL5: 0.25486111 | AM5: 0.74375 | AN5: 0.48819444 | AO5: 0.25277778 | AP5: 0.75069444 | AQ5: 0.49791667 | AR5: 0.25277778 | AS5: 0.75069444 | AT5: 0.49791667 | AU5: 0.25277778 | AV5: 0.75069444 | AW5: 0.49791667 | AX5: 0.25277778 | AY5: 0.75069444 | AZ5: 0.49791667 | BA5: 0.25277778 | BB5: 0.75069444 | BC5: 0.49791667 | BD5: 0.25277778 | BE5: 0.75069444 | BF5: 0.49791667 | BG5: 0.25833333 | BH5: 0.73402778 | BI5: 0.475 | BJ5: 0.25277778 | BK5: 0.75069444 | BL5: 0.49791667 | BM5: 0.25833333 | BN5: 0.73402778 | BO5: 0.475 | BP5: 0.25277778 | BQ5: 0.75069444 | BR5: 0.49791667 | BS5: 0.25277778 | BT5: 0.75069444 | BU5: 0.49791667 | BV5: 0.25833333 | BW5: 0.73402778 | BX5: 0.475 | BY5: 0.25833333 | BZ5: 0.73402778 | CA5: 0.475 | CB5: 0.25833333 | CC5: 0.73402778 | CD5: 0.475 | CE5: 0.25833333 | CF5: 0.73402778 | CG5: 0.475 | CH5: 0.24513889 | CI5: 0.76875 | CJ5: 0.52361111 | CK5: 0.24513889 | CL5: 0.76875 | CM5: 0.52361111 | CN5: 0.24513889 | CO5: 0.76875 | CP5: 0.52361111 | CQ5: 0.24513889 | CR5: 0.76875 | CS5: 0.52361111 | CT5: 0.24513889 | CU5: 0.76875 | CV5: 0.52361111 | CW5: 0.24513889 | CX5: 0.76875 | CY5: 0.52361111 | CZ5: 0.24513889 | DA5: 0.76875 | DB5: 0.52361111 | DC5: 0.24513889 | DD5: 0.76875 | DE5: 0.52361111 | DF5: 0.24513889 | DG5: 0.76875 | DH5: 0.52361111 | DI5: 0.24375 | DJ5: 0.77083333 | DK5: 0.52638889 | DL5: 0.24375 | DM5: 0.77083333 | DN5: 0.52638889 | DO5: 0.24375 | DP5: 0.77083333 | DQ5: 0.52638889 | DR5: 0.24513889 | DS5: 0.76875 | DT5: 0.52361111 | DU5: 0.24513889 | DV5: 0.76875 | DW5: 0.52361111 | DX5: 0.25902778 | DY5: 0.73402778 | DZ5: 0.475 | EA5: 0.25486111 | EB5: 0.74375 | EC5: 0.48819444 | ED5: 0.25486111 | EE5: 0.74375 | EF5: 0.48819444 | EG5: 0.25486111 | EH5: 0.74375 | EI5: 0.48819444 | EJ5: 0.25486111 | EK5: 0.74375 | EL5: 0.48819444 | EM5: 0.25486111 | EN5: 0.74375 | EO5: 0.48819444 | EP5: 0.25486111 | EQ5: 0.74375 | ER5: 0.48819444
B6: 0.24722222 | C6: 0.76527778 | D6: 0.51736111 | E6: 0.25555556 | F6: 0.74166667 | G6: 0.48611111 | H6: 0.25555556 | I6: 0.74166667 | J6: 0.48611111 | K6: 0.25555556 | L6: 0.74166667 | M6: 0.48611111 | N6: 0.25347222 | O6: 0.75 | P6: 0.49652778 | Q6: 0.25347222 | R6: 0.75 | S6: 0.49652778 | T6: 0.25347222 | U6: 0.75 | V6: 0.49652778 | W6: 0.25347222 | X6: 0.75 | Y6: 0.49652778 | Z6: 0.25347222 | AA6: 0.75 | AB6: 0.49652778 | AC6: 0.25486111 | AD6: 0.74305556 | AE6: 0.4875 | AF6: 0.25486111 | AG6: 0.74305556 | AH6: 0.4875 | AI6: 0.25486111 | AJ6: 0.74305556 | AK6: 0.4875 | AL6: 0.25486111 | AM6: 0.74305556 | AN6: 0.4875 | AO6: 0.25277778 | AP6: 0.75 | AQ6: 0.49722222 | AR6: 0.25277778 | AS6: 0.75 | AT6: 0.49722222 | AU6: 0.25277778 | AV6: 0.75 | AW6: 0.49722222 | AX6: 0.25277778 | AY6: 0.75 | AZ6: 0.49722222 | BA6: 0.25277778 | BB6: 0.75 | BC6: 0.49722222 | BD6: 0.25277778 | BE6: 0.75 | BF6: 0.49722222 | BG6: 0.25833333 | BH6: 0.73333333 | BI6: 0.47430556 | BJ6: 0.25277778 | BK6: 0.75 | BL6: 0.49722222 | BM6: 0.25833333 | BN6: 0.73333333 | BO6: 0.47430556 | BP6: 0.25277778 | BQ6: 0.75 | BR6: 0.49722222 | BS6: 0.25277778 | BT6: 0.75 | BU6: 0.49722222 | BV6: 0.25902778 | BW6: 0.73333333 | BX6: 0.47430556 | BY6: 0.25902778 | BZ6: 0.73333333 | CA6: 0.47430556 | CB6: 0.25902778 | CC6: 0.73333333 | CD6: 0.47430556 | CE6: 0.25902778 | CF6: 0.73333333 | CG6: 0.47430556 | CH6: 0.24513889 | CI6: 0.76875 | CJ6: 0.52291667 | CK6: 0.24513889 | CL6: 0.76875 | CM6: 0.52291667 | CN6: 0.24513889 | CO6: 0.76875 | CP6: 0.52291667 | CQ6: 0.24513889 | CR6: 0.76875 | CS6: 0.52291667 | CT6: 0.24513889 | CU6: 0.76875 | CV6: 0.52291667 | CW6: 0.24513889 | CX6: 0.76875 | CY6: 0.52291667 | CZ6: 0.24513889 | DA6: 0.76875 | DB6: 0.52291667 | DC6: 0.24513889 | DD6: 0.76875 | DE6: 0.52291667 | DF6: 0.24513889 | DG6: 0.76875 | DH6: 0.52291667 | DI6: 0.24444444 | DJ6: 0.77013889 | DK6: 0.52569444 | DL6: 0.24444444 | DM6: 0.77013889 | DN6: 0.52569444 | DO6: 0.24444444 | DP6: 0.77013889 | DQ6: 0.52569444 | DR6: 0.24583333 | DS6: 0.76875 | DT6: 0.52291667 | DU6: 0.24583333 | DV6: 0.76875 | DW6: 0.52291667 | DX6: 0.25902778 | DY6: 0.73333333 | DZ6: 0.47430556 | EA6: 0.25486111 | EB6: 0.74305556 | EC6: 0.4875 | ED6: 0.25486111 | EE6: 0.74305556 | EF6: 0.4875 | EG6: 0.25486111 | EH6: 0.74305556 | EI6: 0.4875 | EJ6: 0.25486111 | EK6: 0.74305556 | EL6: 0.4875 | EM6: 0.25486111 | EN6: 0.74305556 | EO6: 0.4875 | EP6: 0.25486111 | EQ6: 0.74305556 | ER6: 0.4875
B7: 0.24791667 | C7: 0.76458333 | D7: 0.51666667 | E7: 0.25555556 | F7: 0.74166667 | G7: 0.48541667 | H7: 0.25555556 | I7: 0.74166667 | J7: 0.48541667 | K7: 0.25555556 | L7: 0.74166667 | M7: 0.48541667 | N7: 0.25347222 | O7: 0.74930556 | P7: 0.49583333 | Q7: 0.25347222 | R7: 0.74930556 | S7: 0.49583333 | T7: 0.25347222 | U7: 0.74930556 | V7: 0.49583333 | W7: 0.25347222 | X7: 0.74930556 | Y7: 0.49583333 | Z7: 0.25347222 | AA7: 0.74930556 | AB7: 0.49583333 | AC7: 0.25486111 | AD7: 0.74236111 | AE7: 0.48680556 | AF7: 0.25486111 | AG7: 0.74236111 | AH7: 0.48680556 | AI7: 0.25486111 | AJ7: 0.74236111 | AK7: 0.48680556 | AL7: 0.25486111 | AM7: 0.74236111 | AN7: 0.48680556 | AO7: 0.25277778 | AP7: 0.75 | AQ7: 0.49652778 | AR7: 0.25277778 | AS7: 0.75 | AT7: 0.49652778 | AU7: 0.25277778 | AV7: 0.75 | AW7: 0.49652778 | AX7: 0.25277778 | AY7: 0.75 | AZ7: 0.49652778 | BA7: 0.25277778 | BB7: 0.75 | BC7: 0.49652778 | BD7: 0.25277778 | BE7: 0.75 | BF7: 0.49652778 | BG7: 0.25902778 | BH7: 0.73333333 | BI7: 0.47430556 | BJ7: 0.25277778 | BK7: 0.75 | BL7: 0.49652778 | BM7: 0.25902778 | BN7: 0.73333333 | BO7: 0.47430556 | BP7: 0.25277778 | BQ7: 0.75 | BR7: 0.49652778 | BS7: 0.25277778 | BT7: 0.75 | BU7: 0.49652778 | BV7: 0.25902778 | BW7: 0.73333333 | BX7: 0.47361111 | BY7: 0.25902778 | BZ7: 0.73333333 | CA7: 0.47361111 | CB7: 0.25902778 | CC7: 0.73333333 | CD7: 0.47361111 | CE7: 0.25902778 | CF7: 0.73333333 | CG7: 0.47361111 | CH7: 0.24583333 | CI7: 0.76805556 | CJ7: 0.52222222 | CK7: 0.24583333 | CL7: 0.76805556 | CM7: 0.52222222 | CN7: 0.24583333 | CO7: 0.76805556 | CP7: 0.52222222 | CQ7: 0.24583333 | CR7: 0.76805556 | CS7: 0.52222222 | CT7: 0.24583333 | CU7: 0.76805556 | CV7: 0.52222222 | CW7: 0.24583333 | CX7: 0.76805556 | CY7: 0.52222222 | CZ7: 0.24583333 | DA7: 0.76805556 | DB7: 0.52222222 | DC7: 0.24583333 | DD7: 0.76805556 | DE7: 0.52222222 | DF7: 0.24583333 | DG7: 0.76805556 | DH7: 0.52222222 | DI7: 0.24444444 | DJ7: 0.77013889 | DK7: 0.525 | DL7: 0.24444444 | DM7: 0.77013889 | DN7: 0.525 | DO7: 0.24444444 | DP7: 0.77013889 | DQ7: 0.525 | DR7: 0.24583333 | DS7: 0.76805556 | DT7: 0.52222222 | DU7: 0.24583333 | DV7: 0.76805556 | DW7: 0.52222222 | DX7: 0.25902778 | DY7: 0.73333333 | DZ7: 0.47361111 | EA7: 0.25555556 | EB7: 0.74236111 | EC7: 0.48680556 | EG7: 0.25555556 | EH7: 0.74236111 | EI7: 0.48680556 | EJ7: 0.25555556 | EK7: 0.74236111 | EL7: 0.48680556 | EM7: 0.25555556 | EN7: 0.74236111 | EO7: 0.48680556 | EP7: 0.25555556 | EQ7: 0.74236111 | ER7: 0.48680556
B8: 0.24791667 | C8: 0.76388889 | D8: 0.51597222 | E8: 0.25555556 | F8: 0.74097222 | G8: 0.48472222 | H8: 0.25555556 | I8: 0.74097222 | J8: 0.48472222 | K8: 0.25555556 | L8: 0.74097222 | M8: 0.48472222 | N8: 0.25347222 | O8: 0.74861111 | P8: 0.49513889 | Q8: 0.25347222 | R8: 0.74861111 | S8: 0.49513889 | T8: 0.25347222 | U8: 0.74861111 | V8: 0.49513889 | W8: 0.25347222 | X8: 0.74861111 | Y8: 0.49513889 | Z8: 0.25347222 | AA8: 0.74861111 | AB8: 0.49513889 | AC8: 0.25555556 | AD8: 0.74166667 | AE8: 0.48611111 | AF8: 0.25555556 | AG8: 0.74166667 | AH8: 0.48611111 | AI8: 0.25555556 | AJ8: 0.74166667 | AK8: 0.48611111 | AL8: 0.25555556 | AM8: 0.74166667 | AN8: 0.48611111 | AO8: 0.25347222 | AP8: 0.74930556 | AQ8: 0.49583333 | AR8: 0.25347222 | AS8: 0.74930556 | AT8: 0.49583333 | AU8: 0.25347222 | AV8: 0.74930556 | AW8: 0.49583333 | AX8: 0.25347222 | AY8: 0.74930556 | AZ8: 0.49583333 | BA8: 0.25347222 | BB8: 0.74930556 | BC8: 0.49583333 | BD8: 0.25347222 | BE8: 0.74930556 | BF8: 0.49583333 | BG8: 0.25902778 | BH8: 0.73263889 | BI8: 0.47361111 | BJ8: 0.25347222 | BK8: 0.74930556 | BL8: 0.49583333 | BM8: 0.25902778 | BN8: 0.73263889 | BO8: 0.47361111 | BP8: 0.25347222 | BQ8: 0.74930556 | BR8: 0.49583333 | BS8: 0.25347222 | BT8: 0.74930556 | BU8: 0.49583333 | BV8: 0.25902778 | BW8: 0.73263889 | BX8: 0.47361111 | BY8: 0.25902778 | BZ8: 0.73263889 | CA8: 0.47361111 | CB8: 0.25902778 | CC8: 0.73263889 | CD8: 0.47361111 | CE8: 0.25902778 | CF8: 0.73263889 | CG8: 0.47361111 | CH8: 0.24583333 | CI8: 0.76736111 | CJ8: 0.52152778 | CK8: 0.24583333 | CL8: 0.76736111 | CM8: 0.52152778 | CN8: 0.24583333 | CO8: 0.76736111 | CP8: 0.52152778 | CQ8: 0.24583333 | CR8: 0.76736111 | CS8: 0.52152778 | CT8: 0.24583333 | CU8: 0.76736111 | CV8: 0.52152778 | CW8: 0.24583333 | CX8: 0.76736111 | CY8: 0.52152778 | CZ8: 0.24583333 | DA8: 0.76736111 | DB8: 0.52152778 | DC8: 0.24583333 | DD8: 0.76736111 | DE8: 0.52152778 | DF8: 0.24583333 | DG8: 0.76736111 | DH8: 0.52152778 | DI8: 0.24513889 | DJ8: 0.76944444 | DK8: 0.52430556 | DL8: 0.24513889 | DM8: 0.76944444 | DN8: 0.52430556 | DO8: 0.24513889 | DP8: 0.76944444 | DQ8: 0.52430556 | DR8: 0.24583333 | DS8: 0.76805556 | DT8: 0.52152778 | DU8: 0.24583333 | DV8: 0.76805556 | DW8: 0.52152778 | DX8: 0.25902778 | DY8: 0.73263889 | DZ8: 0.47291667 | EA8: 0.25555556 | EB8: 0.74166667 | EC8: 0.48611111 | EG8: 0.25555556 | EH8: 0.74166667 | EI8: 0.48611111 | EJ8: 0.25555556 | EK8: 0.74166667 | EL8: 0.48611111 | EM8: 0.25555556 | EN8: 0.74166667 | EO8: 0.48611111 | EP8: 0.25555556 | EQ8: 0.74166667 | ER8: 0.48611111
B9: 0.24791667 | C9: 0.76388889 | D9: 0.51527778 | E9: 0.25555556 | F9: 0.74027778 | G9: 0.48402778 | H9: 0.25555556 | I9: 0.74027778 | J9: 0.48402778 | K9: 0.25555556 | L9: 0.74027778 | M9: 0.48402778 | N9: 0.25347222 | O9: 0.74791667 | P9: 0.49444444 | Q9: 0.25347222 | R9: 0.74791667 | S9: 0.49444444 | T9: 0.25347222 | U9: 0.74791667 | V9: 0.49444444 | W9: 0.25347222 | X9: 0.74791667 | Y9: 0.49444444 | Z9: 0.25347222 | AA9: 0.74791667 | AB9: 0.49444444 | AC9: 0.25555556 | AD9: 0.74166667 | AE9: 0.48541667 | AI9: 0.25555556 | AJ9: 0.74166667 | AK9: 0.48541667 | AO9: 0.25347222 | AP9: 0.74861111 | AQ9: 0.49513889 | AR9: 0.25347222 | AS9: 0.74861111 | AT9: 0.49513889 | AU9: 0.25347222 | AV9: 0.74861111 | AW9: 0.49513889 | AX9: 0.25347222 | AY9: 0.74861111 | AZ9: 0.49513889 | BA9: 0.25347222 | BB9: 0.74861111 | BC9: 0.49513889 | BG9: 0.25902778 | BH9: 0.73263889 | BI9: 0.47291667 | BJ9: 0.25347222 | BK9: 0.74861111 | BL9: 0.49513889 | BM9: 0.25902778 | BN9: 0.73263889 | BO9: 0.47291667 | BP9: 0.25347222 | BQ9: 0.74861111 | BR9: 0.49513889 | BS9: 0.25347222 | BT9: 0.74861111 | BU9: 0.49513889 | BV9: 0.25972222 | BW9: 0.73263889 | BX9: 0.47291667 | BY9: 0.25972222 | BZ9: 0.73263889 | CA9: 0.47291667 | CB9: 0.25972222 | CC9: 0.73263889 | CD9: 0.47291667 | CH9: 0.24583333 | CI9: 0.76736111 | CJ9: 0.52083333 | CK9: 0.24583333 | CL9: 0.76736111 | CM9: 0.52083333 | CN9: 0.24583333 | CO9: 0.76736111 | CP9: 0.52083333 | CQ9: 0.24583333 | CR9: 0.76736111 | CS9: 0.52083333 | CT9: 0.24583333 | CU9: 0.76736111 | CV9: 0.52083333 | CW9: 0.24583333 | CX9: 0.76736111 | CY9: 0.52083333 | CZ9: 0.24583333 | DA9: 0.76736111 | DB9: 0.52083333 | DC9: 0.24583333 | DD9: 0.76736111 | DE9: 0.52083333 | DF9: 0.24583333 | DG9: 0.76736111 | DH9: 0.52083333 | DI9: 0.24513889 | DJ9: 0.76875 | DK9: 0.52361111 | DL9: 0.24513889 | DM9: 0.76875 | DN9: 0.52361111 | DO9: 0.24513889 | DP9: 0.76875 | DQ9: 0.52361111 | DR9: 0.24652778 | DS9: 0.76736111 | DT9: 0.52083333 | DU9: 0.24652778 | DV9: 0.76736111 | DW9: 0.52083333 | DX9: 0.25972222 | DY9: 0.73263889 | DZ9: 0.47291667 | EA9: 0.25555556 | EB9: 0.74166667 | EC9: 0.48541667 | EG9: 0.25555556 | EH9: 0.74166667 | EI9: 0.48541667 | EJ9: 0.25555556 | EK9: 0.74166667 | EL9: 0.48541667 | EM9: 0.25555556 | EN9: 0.74166667 | EO9: 0.48541667 | EP9: 0.25555556 | EQ9: 0.74166667 | ER9: 0.48541667
B10: 0.24861111 | C10: 0.76319444 | D10: 0.51458333 | E10: 0.25625 | F10: 0.74027778 | G10: 0.48333333 | H10: 0.25625 | I10: 0.74027778 | J10: 0.48333333 | K10: 0.25625 | L10: 0.74027778 | M10: 0.48333333 | N10: 0.25347222 | O10: 0.74722222 | P10: 0.49375 | Q10: 0.25347222 | R10: 0.74722222 | S10: 0.49375 | T10: 0.25347222 | U10: 0.74722222 | V10: 0.49375 | W10: 0.25347222 | X10: 0.74722222 | Y10: 0.49375 | Z10: 0.25347222 | AA10: 0.74722222 | AB10: 0.49375 | AC10: 0.25555556 | AD10: 0.74097222 | AE10: 0.48472222 | AI10: 0.25555556 | AJ10: 0.74097222 | AK10: 0.48472222 | AO10: 0.25347222 | AP10: 0.74791667 | AQ10: 0.49444444 | AU10: 0.25347222 | AV10: 0.74791667 | AW10: 0.49444444 | AX10: 0.25347222 | AY10: 0.74791667 | AZ10: 0.49444444 | BA10: 0.25347222 | BB10: 0.74791667 | BC10: 0.49444444 | BJ10: 0.25347222 | BK10: 0.74791667 | BL10: 0.49444444 | BM10: 0.25972222 | BN10: 0.73194444 | BO10: 0.47222222 | BP10: 0.25347222 | BQ10: 0.74791667 | BR10: 0.49444444 | BS10: 0.25347222 | BT10: 0.74791667 | BU10: 0.49444444 | BV10: 0.25972222 | BW10: 0.73263889 | BX10: 0.47222222 | BY10: 0.25972222 | BZ10: 0.73263889 | CA10: 0.47222222 | CB10: 0.25972222 | CC10: 0.73263889 | CD10: 0.47222222 | CH10: 0.24652778 | CI10: 0.76666667 | CJ10: 0.52013889 | CK10: 0.24652778 | CL10: 0.76666667 | CM10: 0.52013889 | CN10: 0.24652778 | CO10: 0.76666667 | CP10: 0.52013889 | CQ10: 0.24652778 | CR10: 0.76666667 | CS10: 0.52013889 | CT10: 0.24652778 | CU10: 0.76666667 | CV10: 0.52013889 | CW10: 0.24652778 | CX10: 0.76666667 | CY10: 0.52013889 | CZ10: 0.24652778 | DA10: 0.76666667 | DB10: 0.52013889 | DC10: 0.24652778 | DD10: 0.76666667 | DE10: 0.52013889 | DF10: 0.24652778 | DG10: 0.76666667 | DH10: 0.52013889 | DI10: 0.24513889 | DJ10: 0.76875 | DK10: 0.52291667 | DL10: 0.24513889 | DM10: 0.76875 | DN10: 0.52291667 | DO10: 0.24513889 | DP10: 0.76875 | DQ10: 0.52291667 | DR10: 0.24652778 | DS10: 0.76666667 | DT10: 0.52013889 | DU10: 0.24652778 | DV10: 0.76666667 | DW10: 0.52013889 | DX10: 0.25972222 | DY10: 0.73263889 | DZ10: 0.47222222 | EA10: 0.25555556 | EB10: 0.74097222 | EC10: 0.48472222 | EJ10: 0.25555556 | EK10: 0.74097222 | EL10: 0.48472222 | EM10: 0.25555556 | EN10: 0.74097222 | EO10: 0.48472222 | EP10: 0.25555556 | EQ10: 0.74097222 | ER10: 0.48472222
AI11: 0.25555556 | AJ11: 0.74027778 | AK11: 0.48402778 | AU11: 0.25347222 | AV11: 0.74722222 | AW11: 0.49375 | BM11: 0.25972222 | BN11: 0.73194444 | BO11: 0.47222222 | BP11: 0.25347222 | BQ11: 0.74722222 | BR11: 0.49375 | DC11: 0.24652778 | DD11: 0.76597222 | DE11: 0.51944444 | DF11: 0.24652778 | DG11: 0.76597222 | DH11: 0.51944444 | DR11: 0.24652778 | DS11: 0.76666667 | DT11: 0.51944444 | DX11: 0.25972222 | DY11: 0.73194444 | DZ11: 0.47152778 | EJ11: 0.25555556 | EK11: 0.74027778 | EL11: 0.48402778 | EM11: 0.25555556 | EN11: 0.74027778 | EO11: 0.48402778 | EP11: 0.25555556 | EQ11: 0.74027778 | ER11: 0.48402778
EJ12: 0.25625 | EK12: 0.74027778 | EL12: 0.48402778

Sheet Précipitation
A1: Enr | B1: Ifremer_1 | C1: ILM_1 | D1: ILM_2 | E1: ILM_3 | F1: Jardin_Eau_1 | G1: Jardin_Eau_2 | H1: Jardin_Eau_3 | I1: Jardin_Eau_4 | J1: Jardin_Eau_5 | K1: Marae_1 | L1: Marae_2 | M1: Marae_3 | N1: Marae_4 | O1: OBelvedere_1 | P1: OBelvedere_2 | Q1: OBelvedere_3 | R1: OBelvedere_4 | S1: OBelvedere_5 | T1: OBelvedere_6 | U1: OBelvedere_6.5 | V1: OBelvedere_7 | W1: OBelvedere_7.5 | X1: OBelvedere_8 | Y1: OBelvedere_9 | Z1: Papeete_2 | AA1: Papeete_3 | AB1: Papeete_4 | AC1: Papeete_5 | AD1: PI_Belvedere_1 | AE1: PI_Belvedere_2 | AF1: PI_Belvedere_3 | AG1: PI_Belvedere_4 | AH1: PI_Belvedere_5 | AI1: PI_Belvedere_6 | AJ1: PI_Belvedere_7 | AK1: PI_Belvedere_8 | AL1: PI_Belvedere_9 | AM1: PI_Embouchure_1 | AN1: PI_Embouchure_2 | AO1: PI_Embouchure_3 | AP1: PI_Puunui_1 | AQ1: PI_Puunui_2 | AR1: Punaauia_Tefautea | AS1: Punavai_1 | AT1: Punavai_2 | AU1: Punavai_3 | AV1: Punavai_4 | AW1: Punavai_5 | AX1: Punavai_6 | AY1: PI_Embouchure_4
A2: Début | B2: 45349 | C2: 45394 | D2: 45394 | E2: 45394 | F2: 45379 | G2: 45379 | H2: 45379 | I2: 45379 | J2: 45379 | K2: 45392 | L2: 45392 | M2: 45392 | N2: 45392 | O2: 45378 | P2: 45378 | Q2: 45378 | R2: 45378 | S2: 45378 | T2: 45378 | U2: 45414 | V2: 45378 | W2: 45414 | X2: 45378 | Y2: 45378 | Z2: 45414 | AA2: 45414 | AB2: 45414 | AC2: 45414 | AD2: 45341 | AE2: 45341 | AF2: 45341 | AG2: 45341 | AH2: 45341 | AI2: 45341 | AJ2: 45341 | AK2: 45341 | AL2: 45341 | AM2: 45337 | AN2: 45337 | AO2: 45337 | AP2: 45341 | AQ2: 45341 | AR2: 45414 | AS2: 45392 | AT2: 45392 | AU2: 45392 | AV2: 45392 | AW2: 45392 | AX2: 45392 | AY2: 45337
A3: Fin | B3: 45354 | C3: 45399 | D3: 45399 | E3: 45399 | F3: 45384 | G3: 45384 | H3: 45384 | I3: 45384 | J3: 45384 | K3: 45397 | L3: 45395 | M3: 45398 | N3: 45395 | O3: 45383 | P3: 45382 | Q3: 45384 | R3: 45383 | S3: 45383 | T3: 45381 | U3: 45418 | V3: 45383 | W3: 45420 | X3: 45384 | Y3: 45383 | Z3: 45419 | AA3: 45419 | AB3: 45419 | AC3: 45417 | AD3: 45346 | AE3: 45346 | AF3: 45346 | AG3: 45346 | AH3: 45346 | AI3: 45346 | AJ3: 45346 | AK3: 45347 | AL3: 45347 | AM3: 45342 | AN3: 45342 | AO3: 45342 | AP3: 45347 | AQ3: 45346 | AR3: 45420 | AS3: 45397 | AT3: 45393 | AU3: 45396 | AV3: 45399 | AW3: 45398 | AX3: 45398 | AY3: 45343
A4: Station | B4: Vairao_1 | C4: Papara_8 | D4: Papara_8 | E4: Papara_8 | F4: Papeari_1 | G4: Papeari_1 | H4: Papeari_1 | I4: Papeari_1 | J4: Papeari_1 | K4: Paea_3 | L4: Paea_3 | M4: Paea_3 | N4: Paea_3 | O4: Pirae_1 | P4: Pirae_1 | Q4: Pirae_1 | R4: Pirae_1 | S4: Pirae_1 | T4: Pirae_1 | U4: Pirae_1 | V4: Pirae_1 | W4: Pirae_1 | X4: Pirae_1 | Y4: Pirae_1 | Z4: Papeete_2 | AA4: Papeete_2 | AB4: Papeete_2 | AC4: Papeete_2 | AD4: Afaahiti_2 | AE4: Afaahiti_2 | AF4: Afaahiti_2 | AG4: Afaahiti_2 | AH4: Afaahiti_2 | AI4: Afaahiti_2 | AJ4: Afaahiti_2 | AK4: Afaahiti_2 | AL4: Afaahiti_2 | AM4: Teahupoo | AN4: Teahupoo | AO4: Teahupoo | AP4: Afaahiti_2 | AQ4: Afaahiti_2 | AR4: Punaauia_3 | AS4: Punaauia_3 | AT4: Punaauia_3 | AU4: Punaauia_3 | AV4: Punaauia_3 | AW4: Punaauia_3 | AX4: Punaauia_3 | AY4: Teahupoo
B5: 9.5 | C5: 0 | D5: 0 | E5: 0 | F5: 0 | G5: 0 | H5: 0 | I5: 0 | J5: 0 | K5: 2 | L5: 2 | M5: 2 | N5: 2 | O5: 0 | P5: 0 | Q5: 0 | R5: 0 | S5: 0 | T5: 0 | U5: 0 | V5: 0 | W5: 0 | X5: 0 | Y5: 0 | Z5: 0 | AA5: 0 | AB5: 0 | AC5: 0 | AD5: 6.5 | AE5: 6.5 | AF5: 6.5 | AG5: 6.5 | AH5: 6.5 | AI5: 6.5 | AJ5: 6.5 | AK5: 6.5 | AL5: 6.5 | AM5: 1.8 | AN5: 1.8 | AO5: 1.8 | AP5: 6.5 | AQ5: 6.5 | AR5: 0.1 | AS5: 0.7 | AT5: 0.7 | AU5: 0.7 | AV5: 0.7 | AW5: 0.7 | AX5: 0.7 | AY5: 1.8
B6: 2.2 | C6: 0 | D6: 0 | E6: 0 | F6: 0 | G6: 0 | H6: 0 | I6: 0 | J6: 0 | K6: 0 | L6: 0 | M6: 0 | N6: 0 | O6: 0 | P6: 0 | Q6: 0 | R6: 0 | S6: 0 | T6: 0 | U6: 0.2 | V6: 0 | W6: 0.2 | X6: 0 | Y6: 0 | Z6: 0 | AA6: 0 | AB6: 0 | AC6: 0 | AD6: 0.3 | AE6: 0.3 | AF6: 0.3 | AG6: 0.3 | AH6: 0.3 | AI6: 0.3 | AJ6: 0.3 | AK6: 0.3 | AL6: 0.3 | AM6: 0 | AN6: 0 | AO6: 0 | AP6: 0.3 | AQ6: 0.3 | AR6: 0 | AS6: 3.1 | AT6: 3.1 | AU6: 3.1 | AV6: 3.1 | AW6: 3.1 | AX6: 3.1 | AY6: 0
B7: 1 | C7: 0.4 | D7: 0.4 | E7: 0.4 | F7: 2 | G7: 2 | H7: 2 | I7: 2 | J7: 2 | K7: 0 | L7: 0 | M7: 0 | N7: 0 | O7: 0 | P7: 0 | Q7: 0 | R7: 0 | S7: 0 | T7: 0 | U7: 0.2 | V7: 0 | W7: 0.2 | X7: 0 | Y7: 0 | Z7: 0 | AA7: 0 | AB7: 0 | AC7: 0 | AD7: 0.9 | AE7: 0.9 | AF7: 0.9 | AG7: 0.9 | AH7: 0.9 | AI7: 0.9 | AJ7: 0.9 | AK7: 0.9 | AL7: 0.9 | AM7: 0 | AN7: 0 | AO7: 0 | AP7: 0.9 | AQ7: 0.9 | AR7: 0.2 | AS7: 0 | AU7: 0 | AV7: 0 | AW7: 0 | AX7: 0 | AY7: 0
B8: 0.2 | C8: 0 | D8: 0 | E8: 0 | F8: 24.6 | G8: 24.6 | H8: 24.6 | I8: 24.6 | J8: 24.6 | K8: 0 | L8: 0 | M8: 0 | N8: 0 | O8: 0 | P8: 0 | Q8: 0 | R8: 0 | S8: 0 | T8: 0 | U8: 0 | V8: 0 | W8: 0 | X8: 0 | Y8: 0 | Z8: 0 | AA8: 0 | AB8: 0 | AC8: 0 | AD8: 0 | AE8: 0 | AF8: 0 | AG8: 0 | AH8: 0 | AI8: 0 | AJ8: 0 | AK8: 0 | AL8: 0 | AM8: 0 | AN8: 0 | AO8: 0 | AP8: 0 | AQ8: 0 | AR8: 0 | AS8: 0 | AU8: 0 | AV8: 0 | AW8: 0 | AX8: 0 | AY8: 0
B9: 3.4 | C9: 0 | D9: 0 | E9: 0 | F9: 0.6 | G9: 0.6 | H9: 0.6 | I9: 0.6 | J9: 0.6 | K9: 0 | M9: 0 | O9: 2 | P9: 2 | Q9: 2 | R9: 2 | S9: 2 | U9: 0 | V9: 2 | W9: 0 | X9: 2 | Y9: 2 | Z9: 0 | AA9: 0 | AB9: 0 | AD9: 4.5 | AE9: 4.5 | AF9: 4.5 | AG9: 4.5 | AH9: 4.5 | AI9: 4.5 | AJ9: 4.5 | AK9: 4.5 | AL9: 4.5 | AM9: 6.4 | AN9: 6.4 | AO9: 6.4 | AP9: 4.5 | AQ9: 4.5 | AR9: 0 | AS9: 0 | AU9: 0 | AV9: 0 | AW9: 0 | AX9: 0 | AY9: 6.4
B10: 0.4 | C10: 0 | D10: 0 | E10: 0 | F10: 0 | G10: 0 | H10: 0 | I10: 0 | J10: 0 | K10: 0 | M10: 0 | O10: 0.6 | Q10: 0.6 | R10: 0.6 | V10: 0.6 | W10: 0 | X10: 0.6 | Y10: 0.6 | Z10: 0 | AA10: 0 | AB10: 0 | AD10: 10.2 | AE10: 10.2 | AF10: 10.2 | AG10: 10.2 | AH10: 10.2 | AI10: 10.2 | AJ10: 10.2 | AK10: 10.2 | AL10: 10.2 | AM10: 0 | AN10: 0 | AO10: 0 | AP10: 10.2 | AQ10: 10.2 | AR10: 0 | AS10: 2 | AV10: 2 | AW10: 2 | AX10: 2 | AY10: 0
F11: Papeari_4 | G11: Papeari_4 | H11: Papeari_4 | I11: Papeari_4 | J11: Papeari_4 | M11: 0 | Q11: 0 | W11: 0 | X11: 0 | Z11: Papeete_3 | AA11: Papeete_3 | AB11: Papeete_3 | AC11: Papeete_3 | AD11: Afaahiti_4 | AE11: Afaahiti_4 | AF11: Afaahiti_4 | AG11: Afaahiti_4 | AH11: Afaahiti_4 | AI11: Afaahiti_4 | AJ11: Afaahiti_4 | AK11: Afaahiti_4 | AL11: Afaahiti_4 | AM11: Teahupoo_1 | AN11: Teahupoo_1 | AO11: Teahupoo_1 | AP11: 2.3 | AR11: 3.1 | AV11: 10 | AW11: 10 | AX11: 10 | AY11: 0
C12: 0 | D12: 0 | E12: 0 | F12: 0 | G12: 0 | H12: 0 | I12: 0 | J12: 0 | Z12: 0 | AA12: 0 | AB12: 0 | AC12: 0 | AD12: 1.4 | AE12: 1.4 | AF12: 1.4 | AG12: 1.4 | AH12: 1.4 | AI12: 1.4 | AJ12: 1.4 | AK12: 1.4 | AL12: 1.4 | AM12: 0.2 | AN12: 0.2 | AO12: 0.2 | AP12: Afaahiti_4 | AQ12: Afaahiti_4 | AV12: 0.4 | AY12: Teahupoo_1
C13: 0 | D13: 0 | E13: 0 | F13: 0.2 | G13: 0.2 | H13: 0.2 | I13: 0.2 | J13: 0.2 | Z13: 0 | AA13: 0 | AB13: 0 | AC13: 0 | AD13: 0.2 | AE13: 0.2 | AF13: 0.2 | AG13: 0.2 | AH13: 0.2 | AI13: 0.2 | AJ13: 0.2 | AK13: 0.2 | AL13: 0.2 | AM13: 0 | AN13: 0 | AO13: 0 | AP13: 1.4 | AQ13: 1.4 | AY13: 0.2
C14: 0 | D14: 0 | E14: 0 | F14: 2.2 | G14: 2.2 | H14: 2.2 | I14: 2.2 | J14: 2.2 | Z14: 0 | AA14: 0 | AB14: 0 | AC14: 0 | AD14: 3.8 | AE14: 3.8 | AF14: 3.8 | AG14: 3.8 | AH14: 3.8 | AI14: 3.8 | AJ14: 3.8 | AK14: 3.8 | AL14: 3.8 | AM14: 0 | AN14: 0 | AO14: 0 | AP14: 0.2 | AQ14: 0.2 | AY14: 0
C15: 0 | D15: 0 | E15: 0 | F15: 21 | G15: 21 | H15: 21 | I15: 21 | J15: 21 | Z15: 0 | AA15: 0 | AB15: 0 | AC15: 0 | AD15: 0.1 | AE15: 0.1 | AF15: 0.1 | AG15: 0.1 | AH15: 0.1 | AI15: 0.1 | AJ15: 0.1 | AK15: 0.1 | AL15: 0.1 | AM15: 0 | AN15: 0 | AO15: 0 | AP15: 3.8 | AQ15: 3.8 | AY15: 0
C16: 0 | D16: 0 | E16: 0 | F16: 0.7 | G16: 0.7 | H16: 0.7 | I16: 0.7 | J16: 0.7 | Z16: 0 | AA16: 0 | AB16: 0 | AD16: 0.2 | AE16: 0.2 | AF16: 0.2 | AG16: 0.2 | AH16: 0.2 | AI16: 0.2 | AJ16: 0.2 | AK16: 0.2 | AL16: 0.2 | AM16: 0.2 | AN16: 0.2 | AO16: 0.2 | AP16: 0.1 | AQ16: 0.1 | AY16: 0
C17: 0 | D17: 0 | E17: 0 | F17: 0 | G17: 0 | H17: 0 | I17: 0 | J17: 0 | Z17: 0 | AA17: 0 | AB17: 0 | AD17: 0.1 | AE17: 0.1 | AF17: 0.1 | AG17: 0.1 | AH17: 0.1 | AI17: 0.1 | AJ17: 0.1 | AK17: 0.1 | AL17: 0.1 | AM17: 0 | AN17: 0 | AO17: 0 | AP17: 0.2 | AQ17: 0.2 | AY17: 0.2
F18: Mataiea_4 | G18: Mataiea_4 | H18: Mataiea_4 | I18: Mataiea_4 | J18: Mataiea_4 | AM18: Teahupoo_2 | AN18: Teahupoo_2 | AO18: Teahupoo_2 | AP18: 0.1 | AQ18: 0.1 | AY18: 0
F19: 0 | G19: 0 | H19: 0 | I19: 0 | J19: 0 | AM19: 1.9 | AN19: 1.9 | AO19: 1.9 | AP19: 10.5 | AY19: 0
F20: 0.9 | G20: 0.9 | H20: 0.9 | I20: 0.9 | J20: 0.9 | AM20: 0 | AN20: 0 | AO20: 0 | AY20: Teahupoo_2
F21: 6.9 | G21: 6.9 | H21: 6.9 | I21: 6.9 | J21: 6.9 | AM21: 0 | AN21: 0 | AO21: 0 | AY21: 1.9
F22: 10.9 | G22: 10.9 | H22: 10.9 | I22: 10.9 | J22: 10.9 | AM22: 0 | AN22: 0 | AO22: 0 | AY22: 0
F23: 0.3 | G23: 0.3 | H23: 0.3 | I23: 0.3 | J23: 0.3 | AM23: 0 | AN23: 0 | AO23: 0 | AY23: 0
F24: 0.2 | G24: 0.2 | H24: 0.2 | I24: 0.2 | J24: 0.2 | AM24: 5.5 | AN24: 5.5 | AO24: 5.5 | AY24: 0
A25: Station | B25: Date | C25: rr1 | D25: tx | AY25: 0
A26: VAIRAO 1 | B26: 45349 | C26: 9.5 | D26: 31.8 | AY26: 5.5
A27: VAIRAO 1 | B27: 45350 | C27: 2.2 | D27: 32 | AY27: 0
A28: VAIRAO 1 | B28: 45351 | C28: 1 | D28: 32.7
A29: VAIRAO 1 | B29: 45352 | C29: 0.2 | D29: 31.1
A30: VAIRAO 1 | B30: 45353 | C30: 3.4 | D30: 31.7
A31: VAIRAO 1 | B31: 45354 | C31: 0.4 | D31: 32.1
A32: PAPARA 8 | B32: 45392 | D32: 32.2
A33: PAPARA 8 | B33: 45393 | D33: 31.5
A34: PAPARA 8 | B34: 45394 | C34: 0 | D34: 29.4
A35: PAPARA 8 | B35: 45395 | C35: 0 | D35: 31
A36: PAPARA 8 | B36: 45396 | C36: 0.4 | D36: 29.7
A37: PAPARA 8 | B37: 45397 | C37: 0 | D37: 30.5
A38: PAPARA 8 | B38: 45398 | C38: 0 | D38: 30.5
A39: PAPARA 8 | B39: 45399 | C39: 0 | D39: 30.8
A40: PAPEARI 1 | B40: 45379 | C40: 0 | D40: 32.9
A41: PAPEARI 1 | B41: 45380 | C41: 0 | D41: 31.6
A42: PAPEARI 1 | B42: 45381 | C42: 2 | D42: 30.7
A43: PAPEARI 1 | B43: 45382 | C43: 24.6 | D43: 28.9
A44: PAPEARI 1 | B44: 45383 | C44: 0.6 | D44: 32.2
A45: PAPEARI 1 | B45: 45384 | C45: 0 | D45: 31.3
A46: PAPEARI 4 | B46: 45379 | C46: 0
A47: PAPEARI 4 | B47: 45380 | C47: 0.2
A48: PAPEARI 4 | B48: 45381 | C48: 2.2
A49: PAPEARI 4 | B49: 45382 | C49: 21
A50: PAPEARI 4 | B50: 45383 | C50: 0.7
A51: PAPEARI 4 | B51: 45384 | C51: 0
A52: MATAIEA 4 | B52: 45379 | C52: 0
A53: MATAIEA 4 | B53: 45380 | C53: 0.9
A54: MATAIEA 4 | B54: 45381 | C54: 6.9
A55: MATAIEA 4 | B55: 45382 | C55: 10.9
A56: MATAIEA 4 | B56: 45383 | C56: 0.3
A57: MATAIEA 4 | B57: 45384 | C57: 0.2
... A64: PAEA 3 | B64: 45398 | C64: 0
A65: PIRAE 1 | B65: 45378 | C65: 0 | D65: 32
A66: PIRAE 1 | B66: 45379 | C66: 0 | D66: 32.4
A67: PIRAE 1 | B67: 45380 | C67: 0 | D67: 33.3
A68: PIRAE 1 | B68: 45381 | C68: 0 | D68: 32.4
A69: PIRAE 1 | B69: 45382 | C69: 2 | D69: 29.7
A70: PIRAE 1 | B70: 45383 | C70: 0.6 | D70: 32.8
A71: PIRAE 1 | B71: 45384 | C71: 0 | D71: 33
A72: PAPEETE 2 | B72: 45414 | C72: 0 | D72: 31.2
A73: PAPEETE 2 | B73: 45415 | C73: 0 | D73: 32.1
A74: PAPEETE 2 | B74: 45416 | C74: 0 | D74: 31.9
A75: PAPEETE 2 | B75: 45417 | C75: 0 | D75: 33
A76: PAPEETE 2 | B76: 45418 | C76: 0 | D76: 33
... A81: AFAAHITI 2 | B81: 45344 | C81: 0 | D81: 25.3
A82: AFAAHITI 2 | B82: 45345 | C82: 4.5
A83: AFAAHITI 2 | B83: 45346 | C83: 10.2 | D83: 25.4
A84: AFAAHITI 2 | B84: 45347 | C84: 1.4 | D84: 25.6
A85: AFAAHITI 4 | B85: 45341 | C85: 1.4
A86: AFAAHITI 4 | B86: 45342 | C86: 0.2
A87: AFAAHITI 4 | B87: 45343 | C87: 3.8
A88: AFAAHITI 4 | B88: 45344 | C88: 0.1
A89: AFAAHITI 4 | B89: 45345 | C89: 0.2
A90: AFAAHITI 4 | B90: 45346 | C90: 0.1
A91: AFAAHITI 4 | B91: 45347 | C91: 10.5
A92: TEAHUPOO | B92: 45337 | C92: 1.8 | D92: 32.6
A93: TEAHUPOO | B93: 45338 | C93: 0 | D93: 32.8
A94: TEAHUPOO | B94: 45339 | C94: 0 | D94: 33.1
A95: TEAHUPOO | B95: 45340 | C95: 0 | D95: 33.4
A96: TEAHUPOO | B96: 45341 | C96: 6.4 | D96: 32.3
A97: TEAHUPOO | B97: 45342 | C97: 0 | D97: 31.6
A98: TEAHUPOO | B98: 45343 | C98: 0 | D98: 32.4
A99: TEAHUPOO 1 | B99: 45337 | C99: 0.2
A100: TEAHUPOO 1 | B100: 45338 | C100: 0
A101: TEAHUPOO 1 | B101: 45339 | C101: 0
A102: TEAHUPOO 1 | B102: 45340 | C102: 0
A103: TEAHUPOO 1 | B103: 45341 | C103: 0.2
A104: TEAHUPOO 1 | B104: 45342 | C104: 0
A105: TEAHUPOO 1 | B105: 45343 | C105: 0
A106: TEAHUPOO 2 | B106: 45337 | C106: 1.9
A107: TEAHUPOO 2 | B107: 45338 | C107: 0
A108: TEAHUPOO 2 | B108: 45339 | C108: 0
A109: TEAHUPOO 2 | B109: 45340 | C109: 0
A110: TEAHUPOO 2 | B110: 45341 | C110: 0
...

Sheet Température
A1: Enr | B1: Ifremer_1 | C1: Ifremer_1 | D1: ILM_1 | E1: ILM_1 | F1: ILM_2 | G1: ILM_2 | H1: ILM_3 | I1: ILM_3 | J1: Jardin_Eau_1 | K1: Jardin_Eau_1 | L1: Jardin_Eau_2 | M1: Jardin_Eau_2 | N1: Jardin_Eau_3 | O1: Jardin_Eau_3 | P1: Jardin_Eau_4 | Q1: Jardin_Eau_4 | R1: Jardin_Eau_5 | S1: Jardin_Eau_5 | T1: Marae_1 | U1: Marae_1 | V1: Marae_2 | W1: Marae_2 | X1: Marae_3 | Y1: Marae_3 | Z1: Marae_4 | AA1: Marae_4 | AB1: OBelvedere_1 | AC1: OBelvedere_1 | AD1: OBelvedere_2 | AE1: OBelvedere_2 | AF1: OBelvedere_3 | AG1: OBelvedere_3 | AH1: OBelvedere_4 | AI1: OBelvedere_4 | AJ1: OBelvedere_5 | AK1: OBelvedere_5 | AL1: OBelvedere_6 | AM1: OBelvedere_6 | AN1: OBelvedere_6.5 | AO1: OBelvedere_6.5 | AP1: OBelvedere_7 | AQ1: OBelvedere_7 | AR1: OBelvedere_7.5 | AS1: OBelvedere_7.5 | AT1: OBelvedere_8 | AU1: OBelvedere_8 | AV1: OBelvedere_9 | AW1: OBelvedere_9 | AX1: Papeete_2 | AY1: Papeete_2 | AZ1: Papeete_3 | BA1: Papeete_3 | BB1: Papeete_4 | BC1: Papeete_4 | BD1: Papeete_5 | BE1: Papeete_5 | BF1: PI_Belvedere_1 | BG1: PI_Belvedere_1 | BH1: PI_Belvedere_2 | BI1: PI_Belvedere_2 | BJ1: PI_Belvedere_3 | BK1: PI_Belvedere_3 | BL1: PI_Belvedere_4 | BM1: PI_Belvedere_4 | BN1: PI_Belvedere_5 | BO1: PI_Belvedere_5 | BP1: PI_Belvedere_6 | BQ1: PI_Belvedere_6 | BR1: PI_Belvedere_7 | BS1: PI_Belvedere_7 | BT1: PI_Belvedere_8 | BU1: PI_Belvedere_8 | BV1: PI_Belvedere_9 | BW1: PI_Belvedere_9 | BX1: PI_Embouchure_1 | BY1: PI_Embouchure_1 | BZ1: PI_Embouchure_2 | CA1: PI_Embouchure_2 | CB1: PI_Embouchure_3 | CC1: PI_Embouchure_3 | CD1: PI_Puunui_1 | CE1: PI_Puunui_1 | CF1: PI_Puunui_2 | CG1: PI_Puunui_2 | CH1: Punaauia_Tefautea | CI1: Punaauia_Tefautea | CJ1: Punavai_1 | CK1: Punavai_1 | CL1: Punavai_2 | CM1: Punavai_2 | CN1: Punavai_3 | CO1: Punavai_3 | CP1: Punavai_4 | CQ1: Punavai_4 | CR1: Punavai_5 | CS1: Punavai_5 | CT1: Punavai_6 | CU1: Punavai_6 | CV1: Embouchure_4 | CW1: Embouchure_4
A2: Début | B2: 45349 | C2: 45349 | D2: 45394 | E2: 45394 | F2: 45394 | G2: 45394 | H2: 45394 | I2: 45394 | J2: 45379 | K2: 45379 | L2: 45379 | M2: 45379 | N2: 45379 | O2: 45379 | P2: 45379 | Q2: 45379 | R2: 45379 | S2: 45379 | T2: 45392 | U2: 45392 | V2: 45392 | W2: 45392 | X2: 45392 | Y2: 45392 | Z2: 45392 | AA2: 45392 | AB2: 45378 | AC2: 45378 | AD2: 45378 | AE2: 45378 | AF2: 45378 | AG2: 45378 | AH2: 45378 | AI2: 45378 | AJ2: 45378 | AK2: 45378 | AL2: 45378 | AM2: 45378 | AN2: 45414 | AO2: 45414 | AP2: 45378 | AQ2: 45378 | AR2: 45414 | AS2: 45414 | AT2: 45378 | AU2: 45378 | AV2: 45378 | AW2: 45378 | AX2: 45414 | AY2: 45414 | AZ2: 45414 | BA2: 45414 | BB2: 45414 | BC2: 45414 | BD2: 45414 | BE2: 45414 | BF2: 45341 | BG2: 45341 | BH2: 45341 | BI2: 45341 | BJ2: 45341 | BK2: 45341 | BL2: 45341 | BM2: 45341 | BN2: 45341 | BO2: 45341 | BP2: 45341 | BQ2: 45341 | BR2: 45341 | BS2: 45341 | BT2: 45341 | BU2: 45341 | BV2: 45341 | BW2: 45341 | BX2: 45337 | BY2: 45337 | BZ2: 45337 | CA2: 45337 | CB2: 45337 | CC2: 45337 | CD2: 45341 | CE2: 45341 | CF2: 45341 | CG2: 45341 | CH2: 45414 | CI2: 45414 | CJ2: 45392 | CK2: 45392 | CL2: 45392 | CM2: 45392 | CN2: 45392 | CO2: 45392 | CP2: 45392 | CQ2: 45392 | CR2: 45392 | CS2: 45392 | CT2: 45392 | CU2: 45392 | CV2: 45337 | CW2: 45337
A3: Fin | B3: 45354 | C3: 45354 | D3: 45399 | E3: 45399 | F3: 45399 | G3: 45399 | H3: 45399 | I3: 45399 | J3: 45384 | K3: 45384 | L3: 45384 | M3: 45384 | N3: 45384 | O3: 45384 | P3: 45384 | Q3: 45384 | R3: 45384 | S3: 45384 | T3: 45397 | U3: 45397 | V3: 45395 | W3: 45395 | X3: 45398 | Y3: 45398 | Z3: 45395 | AA3: 45395 | AB3: 45383 | AC3: 45383 | AD3: 45382 | AE3: 45382 | AF3: 45384 | AG3: 45384 | AH3: 45383 | AI3: 45383 | AJ3: 45383 | AK3: 45383 | AL3: 45381 | AM3: 45381 | AN3: 45418 | AO3: 45418 | AP3: 45383 | AQ3: 45383 | AR3: 45420 | AS3: 45420 | AT3: 45384 | AU3: 45384 | AV3: 45383 | AW3: 45383 | AX3: 45419 | AY3: 45419 | AZ3: 45419 | BA3: 45419 | BB3: 45419 | BC3: 45419 | BD3: 45417 | BE3: 45417 | BF3: 45346 | BG3: 45346 | BH3: 45346 | BI3: 45346 | BJ3: 45346 | BK3: 45346 | BL3: 45346 | BM3: 45346 | BN3: 45346 | BO3: 45346 | BP3: 45346 | BQ3: 45346 | BR3: 45346 | BS3: 45346 | BT3: 45347 | BU3: 45347 | BV3: 45347 | BW3: 45347 | BX3: 45342 | BY3: 45342 | BZ3: 45342 | CA3: 45342 | CB3: 45342 | CC3: 45342 | CD3: 45347 | CE3: 45347 | CF3: 45346 | CG3: 45346 | CH3: 45420 | CI3: 45420 | CJ3: 45397 | CK3: 45397 | CL3: 45393 | CM3: 45393 | CN3: 45396 | CO3: 45396 | CP3: 45399 | CQ3: 45399 | CR3: 45398 | CS3: 45398 | CT3: 45398 | CU3: 45398 | CV3: 45343 | CW3: 45343
A4: Station | B4: Vairao_1 | C4: Vairao_1 | D4: Papara_8 | E4: Papara_8 | F4: Papara_8 | G4: Papara_8 | H4: Papara_8 | I4: Papara_8 | J4: Papeari_1 | K4: Papeari_1 | L4: Papeari_1 | M4: Papeari_1 | N4: Papeari_1 | O4: Papeari_1 | P4: Papeari_1 | Q4: Papeari_1 | R4: Papeari_1 | S4: Papeari_1 | T4: Papara_8 | U4: Papara_8 | V4: Papara_8 | W4: Papara_8 | X4: Papara_8 | Y4: Papara_8 | Z4: Papara_8 | AA4: Papara_8 | AB4: Pirae_1 | AC4: Pirae_1 | AD4: Pirae_1 | AE4: Pirae_1 | AF4: Pirae_1 | AG4: Pirae_1 | AH4: Pirae_1 | AI4: Pirae_1 | AJ4: Pirae_1 | AK4: Pirae_1 | AL4: Pirae_1 | AM4: Pirae_1 | AN4: Pirae_1 | AO4: Pirae_1 | AP4: Pirae_1 | AQ4: Pirae_1 | AR4: Pirae_1 | AS4: Pirae_1 | AT4: Pirae_1 | AU4: Pirae_1 | AV4: Pirae_1 | AW4: Pirae_1 | AX4: Papeete_2 | AY4: Papeete_2 | AZ4: Papeete_2 | BA4: Papeete_2 | BB4: Papeete_2 | BC4: Papeete_2 | BD4: Papeete_2 | BE4: Papeete_2 | BF4: Afaahiti_2 | BG4: Afaahiti_2 | BH4: Afaahiti_2 | BI4: Afaahiti_2 | BJ4: Afaahiti_2 | BK4: Afaahiti_2 | BL4: Afaahiti_2 | BM4: Afaahiti_2 | BN4: Afaahiti_2 | BO4: Afaahiti_2 | BP4: Afaahiti_2 | BQ4: Afaahiti_2 | BR4: Afaahiti_2 | BS4: Afaahiti_2 | BT4: Afaahiti_2 | BU4: Afaahiti_2 | BV4: Afaahiti_2 | BW4: Afaahiti_2 | BX4: Teahupoo | BY4: Teahupoo | BZ4: Teahupoo | CA4: Teahupoo | CB4: Teahupoo | CC4: Teahupoo | CD4: Afaahiti_2 | CE4: Afaahiti_2 | CF4: Afaahiti_2 | CG4: Afaahiti_2 | CH4: Punaauia_6 | CI4: Punaauia_6 | CJ4: Punaauia_6 | CK4: Punaauia_6 | CL4: Punaauia_6 | CM4: Punaauia_6 | CN4: Punaauia_6 | CO4: Punaauia_6 | CP4: Punaauia_6 | CQ4: Punaauia_6 | CR4: Punaauia_6 | CS4: Punaauia_6 | CT4: Punaauia_6 | CU4: Punaauia_6 | CV4: Teahupoo | CW4: Teahupoo
B5: 24.6 | C5: 31.8 | D5: 25.7 | E5: 29.4 | F5: 25.7 | G5: 29.4 | H5: 25.7 | I5: 29.4 | J5: 24 | K5: 32.9 | L5: 24 | M5: 32.9 | N5: 24 | O5: 32.9 | P5: 24 | Q5: 32.9 | R5: 24 | S5: 32.9 | T5: 25.5 | U5: 32.2 | V5: 25.5 | W5: 32.2 | X5: 25.5 | Y5: 32.2 | Z5: 25.5 | AA5: 32.2 | AB5: 24.4 | AC5: 32 | AD5: 24.4 | AE5: 32 | AF5: 24.4 | AG5: 32 | AH5: 24.4 | AI5: 32 | AJ5: 24.4 | AK5: 32 | AL5: 24.4 | AM5: 32 | AN5: 22.4 | AO5: 31.2 | AP5: 24.4 | AQ5: 32 | AR5: 22.4 | AS5: 31.2 | AT5: 24.4 | AU5: 32 | AV5: 24.4 | AW5: 32 | AX5: 22.4 | AY5: 31.2 | AZ5: 22.4 | BA5: 31.2 | BB5: 22.4 | BC5: 31.2 | BD5: 22.4 | BE5: 31.2 | BF5: 20 | BG5: 25.3 | BH5: 20 | BI5: 25.3 | BJ5: 20 | BK5: 25.3 | BL5: 20 | BM5: 25.3 | BN5: 20 | BO5: 25.3 | BP5: 20 | BQ5: 25.3 | BR5: 20 | BS5: 25.3 | BT5: 20 | BU5: 25.3 | BV5: 20 | BW5: 25.3 | BX5: 22.2 | BY5: 32.6 | BZ5: 22.2 | CA5: 32.6 | CB5: 22.2 | CC5: 32.6 | CD5: 20 | CE5: 25.3 | CF5: 20 | CG5: 25.3 | CH5: 22.7 | CI5: 31 | CJ5: 24.6 | CK5: 32 | CL5: 24.6 | CM5: 32 | CN5: 24.6 | CO5: 32 | CP5: 24.6 | CQ5: 32 | CR5: 24.6 | CS5: 32 | CT5: 24.6 | CU5: 32 | CV5: 22.2 | CW5: 32.6
B6: 25.2 | C6: 32 | D6: 25.7 | E6: 31 | F6: 25.7 | G6: 31 | H6: 25.7 | I6: 31 | J6: 23.4 | K6: 31.6 | L6: 23.4 | M6: 31.6 | N6: 23.4 | O6: 31.6 | P6: 23.4 | Q6: 31.6 | R6: 23.4 | S6: 31.6 | T6: 25.4 | U6: 31.5 | V6: 25.4 | W6: 31.5 | X6: 25.4 | Y6: 31.5 | Z6: 25.4 | AA6: 31.5 | AB6: 23.1 | AC6: 32.4 | AD6: 23.1 | AE6: 32.4 | AF6: 23.1 | AG6: 32.4 | AH6: 23.1 | AI6: 32.4 | AJ6: 23.1 | AK6: 32.4 | AL6: 23.1 | AM6: 32.4 | AN6: 22.5 | AO6: 32.1 | AP6: 23.1 | AQ6: 32.4 | AR6: 22.5 | AS6: 32.1 | AT6: 23.1 | AU6: 32.4 | AV6: 23.1 | AW6: 32.4 | AX6: 22.5 | AY6: 32.1 | AZ6: 22.5 | BA6: 32.1 | BB6: 22.5 | BC6: 32.1 | BD6: 22.5 | BE6: 32.1 | BF6: 19 | BG6: 24.3 | BH6: 19 | BI6: 24.3 | BJ6: 19 | BK6: 24.3 | BL6: 19 | BM6: 24.3 | BN6: 19 | BO6: 24.3 | BP6: 19 | BQ6: 24.3 | BR6: 19 | BS6: 24.3 | BT6: 19 | BU6: 24.3 | BV6: 19 | BW6: 24.3 | BX6: 24.1 | BY6: 32.8 | BZ6: 24.1 | CA6: 32.8 | CB6: 24.1 | CC6: 32.8 | CD6: 19 | CE6: 24.3 | CF6: 19 | CG6: 24.3 | CH6: 23.1 | CI6: 30.8 | CJ6: 25.1 | CK6: 31.6 | CL6: 25.1 | CM6: 31.6 | CN6: 25.1 | CO6: 31.6 | CP6: 25.1 | CQ6: 31.6 | CR6: 25.1 | CS6: 31.6 | CT6: 25.1 | CU6: 31.6 | CV6: 24.1 | CW6: 32.8
B7: 24.6 | C7: 32.7 | D7: 25.4 | E7: 29.7 | F7: 25.4 | G7: 29.7 | H7: 25.4 | I7: 29.7 | J7: 25.1 | K7: 30.7 | L7: 25.1 | M7: 30.7 | N7: 25.1 | O7: 30.7 | P7: 25.1 | Q7: 30.7 | R7: 25.1 | S7: 30.7 | T7: 25.7 | U7: 29.4 | V7: 25.7 | W7: 29.4 | X7: 25.7 | Y7: 29.4 | Z7: 25.7 | AA7: 29.4 | AB7: 23.7 | AC7: 33.3 | AD7: 23.7 | AE7: 33.3 | AF7: 23.7 | AG7: 33.3 | AH7: 23.7 | AI7: 33.3 | AJ7: 23.7 | AK7: 33.3 | AL7: 23.7 | AM7: 33.3 | AN7: 23.2 | AO7: 31.9 | AP7: 23.7 | AQ7: 33.3 | AR7: 23.2 | AS7: 31.9 | AT7: 23.7 | AU7: 33.3 | AV7: 23.7 | AW7: 33.3 | AX7: 23.2 | AY7: 31.9 | AZ7: 23.2 | BA7: 31.9 | BB7: 23.2 | BC7: 31.9 | BD7: 23.2 | BE7: 31.9 | BF7: 22 | BG7: 26 | BH7: 22 | BI7: 26 | BJ7: 22 | BK7: 26 | BL7: 22 | BM7: 26 | BN7: 22 | BO7: 26 | BP7: 22 | BQ7: 26 | BR7: 22 | BS7: 26 | BT7: 22 | BU7: 26 | BV7: 22 | BW7: 26 | BX7: 24.2 | BY7: 33.1 | BZ7: 24.2 | CA7: 33.1 | CB7: 24.2 | CC7: 33.1 | CD7: 22 | CE7: 26 | CF7: 22 | CG7: 26 | CH7: 23.7 | CI7: 32.1 | CJ7: 24.5 | CK7: 32.6 | CN7: 24.5 | CO7: 32.6 | CP7: 24.5 | CQ7: 32.6 | CR7: 24.5 | CS7: 32.6 | CT7: 24.5 | CU7: 32.6 | CV7: 24.2 | CW7: 33.1
B8: 24.9 | C8: 31.1 | D8: 24.6 | E8: 30.5 | F8: 24.6 | G8: 30.5 | H8: 24.6 | I8: 30.5 | J8: 24.8 | K8: 28.9 | L8: 24.8 | M8: 28.9 | N8: 24.8 | O8: 28.9 | P8: 24.8 | Q8: 28.9 | R8: 24.8 | S8: 28.9 | T8: 25.7 | U8: 31 | V8: 25.7 | W8: 31 | X8: 25.7 | Y8: 31 | Z8: 25.7 | AA8: 31 | AB8: 23.8 | AC8: 32.4 | AD8: 23.8 | AE8: 32.4 | AF8: 23.8 | AG8: 32.4 | AH8: 23.8 | AI8: 32.4 | AJ8: 23.8 | AK8: 32.4 | AL8: 23.8 | AM8: 32.4 | AN8: 22.9 | AO8: 33 | AP8: 23.8 | AQ8: 32.4 | AR8: 22.9 | AS8: 33 | AT8: 23.8 | AU8: 32.4 | AV8: 23.8 | AW8: 32.4 | AX8: 22.9 | AY8: 33 | AZ8: 22.9 | BA8: 33 | BB8: 22.9 | BC8: 33 | BD8: 22.9 | BE8: 33 | BF8: 21 | BG8: 25.3 | BH8: 21 | BI8: 25.3 | BJ8: 21 | BK8: 25.3 | BL8: 21 | BM8: 25.3 | BN8: 21 | BO8: 25.3 | BP8: 21 | BQ8: 25.3 | BR8: 21 | BS8: 25.3 | BT8: 21 | BU8: 25.3 | BV8: 21 | BW8: 25.3 | BX8: 24.6 | BY8: 33.4 | BZ8: 24.6 | CA8: 33.4 | CB8: 24.6 | CC8: 33.4 | CD8: 21 | CE8: 25.3 | CF8: 21 | CG8: 25.3 | CH8: 23.6 | CI8: 32.6 | CJ8: 23.8 | CK8: 32.2 | CN8: 23.8 | CO8: 32.2 | CP8: 23.8 | CQ8: 32.2 | CR8: 23.8 | CS8: 32.2 | CT8: 23.8 | CU8: 32.2 | CV8: 24.6 | CW8: 33.4
B9: 24 | C9: 31.7 | D9: 24.9 | E9: 30.5 | F9: 24.9 | G9: 30.5 | H9: 24.9 | I9: 30.5 | J9: 24.3 | K9: 32.2 | L9: 24.3 | M9: 32.2 | N9: 24.3 | O9: 32.2 | P9: 24.3 | Q9: 32.2 | R9: 24.3 | S9: 32.2 | T9: 25.4 | U9: 29.7 | X9: 25.4 | Y9: 29.7 | AB9: 24.6 | AC9: 29.7 | AD9: 24.6 | AE9: 29.7 | AF9: 24.6 | AG9: 29.7 | AH9: 24.6 | AI9: 29.7 | AJ9: 24.6 | AK9: 29.7 | AN9: 23.8 | AO9: 33 | AP9: 24.6 | AQ9: 29.7 | AR9: 23.8 | AS9: 33 | AT9: 24.6 | AU9: 29.7 | AV9: 24.6 | AW9: 29.7 | AX9: 23.8 | AY9: 33 | AZ9: 23.8 | BA9: 33 | BB9: 23.8 | BC9: 33 | BX9: 24.3 | BY9: 32.3 | BZ9: 24.3 | CA9: 32.3 | CB9: 24.3 | CC9: 32.3 | CH9: 24.1 | CI9: 31.9 | CJ9: 23.7 | CK9: 32.3 | CN9: 23.7 | CO9: 32.3 | CP9: 23.7 | CQ9: 32.3 | CR9: 23.7 | CS9: 32.3 | CT9: 23.7 | CU9: 32.3 | CV9: 24.3 | CW9: 32.3
B10: 24.5 | C10: 32.1 | D10: 24.8 | E10: 30.8 | F10: 24.8 | G10: 30.8 | H10: 24.8 | I10: 30.8 | J10: 23.9 | K10: 31.3 | L10: 23.9 | M10: 31.3 | N10: 23.9 | O10: 31.3 | P10: 23.9 | Q10: 31.3 | R10: 23.9 | S10: 31.3 | T10: 24.6 | U10: 30.5 | X10: 24.6 | Y10: 30.5 | AB10: 24.1 | AC10: 32.8 | AF10: 24.1 | AG10: 32.8 | AH10: 24.1 | AI10: 32.8 | AJ10: 24.1 | AK10: 32.8 | AP10: 24.1 | AQ10: 32.8 | AR10: 23.3 | AS10: 32.9 | AT10: 24.1 | AU10: 32.8 | AV10: 24.1 | AW10: 32.8 | AX10: 23.3 | AY10: 32.9 | AZ10: 23.3 | BA10: 32.9 | BB10: 23.3 | BC10: 32.9 | BF10: 20.3 | BG10: 25.4 | BH10: 20.3 | BI10: 25.4 | BJ10: 20.3 | BK10: 25.4 | BL10: 20.3 | BM10: 25.4 | BN10: 20.3 | BO10: 25.4 | BP10: 20.3 | BQ10: 25.4 | BR10: 20.3 | BS10: 25.4 | BT10: 20.3 | BU10: 25.4 | BV10: 20.3 | BW10: 25.4 | BX10: 23.9 | BY10: 31.6 | BZ10: 23.9 | CA10: 31.6 | CB10: 23.9 | CC10: 31.6 | CD10: 20.3 | CE10: 25.4 | CF10: 20.3 | CG10: 25.4 | CH10: 23.8 | CI10: 31.8 | CJ10: 24.9 | CK10: 31 | CP10: 24.9 | CQ10: 31 | CR10: 24.9 | CS10: 31 | CT10: 24.9 | CU10: 31 | CV10: 23.9 | CW10: 31.6
T11: Punaauia_6 | U11: Punaauia_6 | V11: Punaauia_6 | W11: Punaauia_6 | X11: 24.9 | Y11: 30.5 | Z11: Punaauia_6 | AA11: Punaauia_6 | AF11: 23.9 | AG11: 33 | AR11: 23.1 | AS11: 30.9 | AT11: 23.9 | AU11: 33 | BT11: 21.3 | BU11: 25.6 | BV11: 21.3 | BW11: 25.6 | CD11: 21.3 | CE11: 25.6 | CH11: 23.2 | CI11: 30 | CP11: 24.4 | CQ11: 30.1 | CR11: 24.4 | CS11: 30.1 | CT11: 24.4 | CU11: 30.1 | CV11: 23.1 | CW11: 32.4
T12: 24.6 | U12: 32 | V12: 24.6 | W12: 32 | X12: Punaauia_6 | Z12: 24.6 | AA12: 32 | CP12: 24.6 | CQ12: 31.5
T13: 25.1 | U13: 31.6 | V13: 25.1 | W13: 31.6 | X13: 24.6 | Y13: 32 | Z13: 25.1 | AA13: 31.6
T14: 24.5 | U14: 32.6 | V14: 24.5 | W14: 32.6 | X14: 25.1 | Y14: 31.6 | Z14: 24.5 | AA14: 32.6
T15: 23.8 | U15: 32.2 | V15: 23.8 | W15: 32.2 | X15: 24.5 | Y15: 32.6 | Z15: 23.8 | AA15: 32.2
T16: 23.7 | U16: 32.3 | X16: 23.8 | Y16: 32.2
T17: 24.9 | U17: 31 | X17: 23.7 | Y17: 32.3
X18: 24.9 | Y18: 31
X19: 24.4 | Y19: 30.1
